,NumGlobalVars,GlobalVarUsage,TotalInsts,TotalBlocks,BlockLow,BlockMid,BlockHigh,TotalFuncs,TotalMemInst,BeginPhi,ArgsPhi,BBNoPhi,BB03Phi,BBHiPhi,BBNumArgsHi,BBNumArgsLo,testUnary,binaryConstArg,callLargeNumArgs,returnInt,oneSuccessor,twoSuccessor,moreSuccessors,onePred,twoPred,morePreds,onePredOneSuc,onePredTwoSuc,twoPredOneSuc,twoEach,moreEach,NumEdges,CriticalCount,BranchCount,numConstOnes,numConstZeroes,const32Bit,const64Bit,UncondBranches,NumLoadInst,NumCallInst,NumInvokeInst,NumAllocaInst,NumStoreInst,NumGetElementPtrInst,NumAShrInst,NumLShrInst,NumShlInst,NumAddInst,NumSubInst,NumMulInst,NumAndInst,NumOrInst,NumXorInst,NumBitCastInst,NumICmpInst,NumSExtInst,NumZExtInst,NumSelectInst
0,4927,5705,49677,2114,1799,299,16,100,31044,183,370,1931,183,0,0,183,24969,4619,0,580,1294,724,0,1331,625,47,1041,287,199,368,0,2742,390,2018,4504,6538,7397,7319,1294,13546,5181,0,1368,4274,6675,1257,469,1258,349,25,8,1315,114,136,789,1326,4087,3637,0
1,2553,5655,29893,1792,1558,225,9,100,20278,185,375,1607,185,0,0,185,15134,709,0,619,1065,631,0,1116,520,47,851,260,161,302,0,2327,349,1696,3587,4335,4496,4852,1065,8286,2994,0,1516,3534,3948,24,19,16,261,29,8,397,122,177,164,1229,2030,2626,0
2,2132,3439,28680,2005,1736,266,3,96,17469,150,302,1855,150,0,0,150,13031,2628,0,456,1232,681,0,1274,589,37,1004,265,186,348,0,2594,361,1913,4226,3454,3978,5062,1232,6723,2239,0,1285,3599,3623,535,380,528,310,29,8,884,79,129,426,1127,1841,1991,0
3,1857,2791,27891,1974,1700,270,4,101,16627,167,335,1807,167,0,0,167,12595,2794,0,524,1203,674,0,1239,583,39,965,272,187,335,0,2551,355,1877,3357,3935,5773,4619,1203,6435,2156,0,1330,3149,3557,832,297,777,295,30,8,592,113,133,498,1192,2199,1526,0
4,1066,2063,22819,1872,1613,258,1,101,14873,184,370,1688,184,0,0,184,9945,570,0,601,1121,654,0,1177,540,48,908,266,162,320,0,2429,355,1775,3614,3996,3396,5343,1121,4897,1545,0,1382,3466,3583,58,19,50,289,33,8,136,154,165,299,1288,1460,1401,0
5,2423,3950,34570,2163,1871,281,11,99,23693,188,377,1975,188,0,0,188,14520,1639,0,625,1329,739,0,1364,646,40,1070,287,204,384,0,2807,392,2068,5480,5476,5537,8390,1329,7753,2633,0,1591,5354,6362,323,155,315,335,23,8,504,131,163,359,1369,2232,2067,0
6,906,4097,28546,1953,1639,307,7,101,20053,226,458,1727,226,0,0,226,10524,481,0,777,1158,698,0,1207,574,52,914,291,183,333,0,2554,391,1856,5935,5170,3527,9402,1158,4924,1582,0,1741,5667,6139,24,19,16,266,32,8,173,165,197,316,1531,1057,1732,0
7,1617,3651,21902,1780,1552,226,2,100,14432,165,334,1615,165,0,0,165,10341,653,0,493,1068,616,0,1104,521,45,865,236,152,309,0,2300,347,1684,3002,3197,3331,4134,1068,5618,1932,0,1231,2826,2825,70,64,62,253,34,8,185,99,144,271,1090,1726,1015,0
8,3893,5193,39538,1971,1676,283,12,95,24844,153,309,1818,153,0,0,153,19718,3452,0,528,1212,668,0,1254,579,37,989,263,183,338,0,2548,349,1880,4269,5208,5593,6288,1212,10630,4041,0,1381,3687,5105,1089,286,1082,312,29,8,704,77,115,577,1137,3858,2063,0
9,2075,4129,38832,2234,1876,347,11,101,23817,230,464,2004,230,0,0,230,16839,3354,0,860,1360,777,0,1410,670,46,1097,309,212,399,0,2914,421,2137,5481,5449,3602,8899,1360,8081,2636,0,1635,5502,5963,1109,202,1104,336,36,8,569,167,229,483,1644,2592,1940,0
10,632,3153,35522,2606,2210,387,9,101,24698,283,574,2323,283,0,0,283,12851,707,0,1098,1601,908,0,1649,773,55,1301,346,225,490,0,3417,458,2509,7594,7361,4611,12419,1601,5764,1588,0,2346,7223,7777,24,19,16,401,47,8,206,192,299,485,1958,1452,1948,0
11,4313,5073,39446,1614,1413,185,16,98,24789,149,299,1465,149,0,0,149,20302,3834,0,410,952,568,0,997,461,48,751,242,143,260,0,2088,324,1520,3405,5618,6429,5448,952,11425,4574,0,1034,2627,5129,1036,330,1029,251,29,8,1182,88,118,461,956,3863,3097,0
12,2245,4030,45425,2664,2234,417,13,101,28733,261,530,2403,261,0,0,261,18326,3731,0,929,1647,920,0,1697,791,52,1334,361,249,483,0,3487,465,2567,7344,7479,5709,11922,1647,8597,3022,0,2092,6968,8054,780,607,772,449,37,8,1132,191,244,610,1886,2466,2842,0
13,3278,6170,24137,1126,985,133,8,78,15650,78,156,1048,78,0,0,78,14195,1330,0,212,660,392,0,700,321,29,528,169,107,167,0,1444,230,1052,1352,2660,3014,1844,660,8382,3212,0,591,1238,2227,225,246,219,162,17,8,488,40,62,175,574,2411,2002,0
14,1229,3717,30258,2119,1811,299,9,97,19553,205,414,1914,205,0,0,205,12531,1686,0,769,1292,734,0,1332,625,46,1045,285,190,377,0,2760,395,2026,5139,4838,3582,7767,1292,6112,1683,0,1654,5010,5094,293,318,285,309,35,8,464,170,205,369,1505,1603,1629,0
15,3417,3884,30713,1434,1233,195,6,88,18681,86,174,1348,86,0,0,86,15589,3723,0,239,853,497,0,894,413,38,675,217,144,217,0,1847,283,1350,2389,3773,6526,3352,853,8827,3329,0,810,2040,3675,1102,18,1095,202,24,8,1321,39,48,361,681,3169,2245,0
16,1080,2880,29607,2228,1903,319,6,100,20578,233,468,1995,233,0,0,233,11145,768,0,738,1363,769,0,1400,672,40,1108,288,199,414,0,2901,416,2132,6054,5507,3953,9109,1363,5388,1575,0,1873,5747,5995,106,19,98,353,42,8,177,166,171,301,1520,1409,1452,0
17,4557,4839,32382,783,687,76,20,56,20427,49,98,734,49,0,0,49,18249,3901,0,104,469,261,0,484,233,13,373,109,80,117,0,991,142,730,864,4288,7027,2400,469,11140,4449,0,290,616,3932,1651,14,1648,113,11,4,491,16,35,295,309,4866,1584,0
18,4966,5205,25610,394,341,35,18,31,20996,11,22,383,11,0,0,11,15696,87,0,50,242,125,0,246,114,6,193,49,41,61,0,492,64,367,847,3835,4077,2173,242,11559,4861,0,193,583,3800,0,13,0,57,11,2,18,5,10,16,143,2699,1202,0
19,1034,3897,33478,2725,2328,393,4,101,22556,268,544,2457,268,0,0,268,13559,720,0,928,1690,938,0,1734,821,55,1369,362,261,502,0,3566,486,2628,6382,5637,4783,9073,1690,6599,1789,0,2273,6111,5784,24,19,16,431,47,8,221,214,249,293,1989,1658,1988,0
20,1913,4367,24818,1964,1700,263,1,100,16164,140,282,1824,140,0,0,140,12001,877,0,514,1206,662,0,1255,562,45,988,264,177,326,0,2530,336,1868,3443,3442,3564,4375,1206,6321,2169,0,1413,3178,3083,126,56,125,337,33,8,220,108,141,344,1105,1606,1765,0
21,2078,3793,25234,1688,1450,234,4,100,16411,158,319,1530,158,0,0,158,12404,1226,0,512,1013,579,0,1056,488,39,827,225,143,286,0,2171,321,1592,3025,3621,3887,4410,1013,6735,2320,0,1309,2906,3141,264,87,256,254,26,8,356,109,129,240,1104,2136,1476,0
22,3558,4935,37781,2132,1786,338,8,101,25452,240,486,1892,240,0,0,240,19781,788,0,805,1275,760,0,1329,646,50,1010,315,216,371,0,2795,425,2035,4367,5298,5718,5739,1275,10885,4138,0,1822,4044,4563,24,19,16,323,36,8,403,160,233,352,1637,3069,2928,0
23,1139,2970,28535,1831,1571,249,11,99,20175,194,394,1637,194,0,0,194,10363,828,0,639,1096,640,0,1131,540,44,879,249,164,319,0,2376,356,1736,5870,5823,3590,10043,1096,4875,1643,0,1652,5447,6558,120,18,111,242,42,8,299,149,187,488,1299,1362,1440,0
24,1995,3282,23323,1699,1469,228,2,96,15511,143,286,1556,143,0,0,143,10822,1087,0,435,1025,582,0,1060,497,39,826,232,157,285,0,2189,317,1607,3153,3452,3100,4734,1025,6002,2123,0,1219,2969,3198,184,18,177,258,24,8,461,92,119,238,1005,1593,1426,0
25,808,2877,24002,2104,1834,266,4,100,15996,215,432,1889,215,0,0,215,9353,552,0,739,1278,730,0,1319,632,42,1035,281,193,380,0,2738,398,2008,4712,4595,3413,7124,1278,4366,1314,0,1611,4324,4381,24,19,16,324,38,8,160,123,185,259,1390,1149,1385,0
26,2096,3198,29759,2045,1746,295,4,101,19736,218,436,1827,218,0,0,218,14126,980,0,649,1236,712,0,1267,620,43,982,282,198,361,0,2660,395,1948,3969,4579,4465,5469,1236,7618,2581,0,1494,3773,4270,174,19,166,298,37,8,316,125,193,246,1386,2130,2074,0
27,1384,2979,27904,2217,1915,298,4,100,18273,206,418,2011,206,0,0,206,12068,973,0,693,1359,762,0,1397,639,54,1098,297,192,390,0,2883,385,2121,4670,4172,4023,6333,1359,5861,1949,0,1767,4450,4246,189,48,182,320,42,8,232,146,173,359,1404,1831,1571,0
28,2644,5322,19967,1246,1093,151,2,82,13968,83,167,1163,83,0,0,83,10724,519,0,236,737,431,0,774,359,32,588,182,119,191,0,1599,254,1168,1675,2453,2404,2736,737,6750,2526,0,593,1731,2368,106,36,103,177,19,8,88,43,71,407,618,1754,1038,0
29,2898,3666,36657,1749,1500,238,11,95,20645,140,283,1609,140,0,0,140,17816,4828,0,444,1055,603,0,1099,503,42,848,248,158,288,0,2261,326,1658,3630,4224,3991,5225,1055,8672,3114,0,1150,3320,4389,978,1147,972,270,34,8,1450,111,116,648,1019,3044,2393,0
30,1996,2787,18765,1275,1119,154,2,93,12407,108,217,1167,108,0,0,108,9921,765,0,312,748,438,0,784,365,34,604,175,109,200,0,1624,253,1186,1843,2272,2912,2449,748,5709,2033,0,912,1817,1936,190,19,182,196,19,8,182,68,80,132,708,1845,1061,0
31,2602,3659,29935,1343,1188,140,15,90,17633,97,198,1246,97,0,0,97,14833,3598,0,304,792,465,0,834,378,40,640,190,115,213,0,1722,264,1257,2895,3986,3865,4710,792,7536,2711,0,912,2420,4054,1193,370,1188,182,27,8,659,49,83,556,695,3149,1463,0
32,1003,2836,29198,2112,1805,300,7,101,19339,223,449,1889,223,0,0,223,11115,1305,0,780,1279,736,0,1325,637,42,1037,286,194,382,0,2751,411,2015,5606,5575,3778,9426,1279,5118,1582,0,1677,5109,5853,137,250,129,309,34,8,460,148,205,384,1500,1400,1533,0
33,6694,7531,58244,1367,1182,145,40,92,35000,134,268,1233,134,0,0,134,33182,6637,0,395,793,486,0,834,400,38,627,204,129,216,0,1765,298,1279,2284,8668,9794,4554,793,18291,6923,0,820,1489,7477,1141,1909,1133,202,24,8,2235,67,100,1083,829,5649,4006,0
34,1688,4013,36956,2301,1934,360,7,100,24326,267,540,2034,267,0,0,267,14770,2466,0,951,1385,820,0,1428,713,48,1094,329,238,416,0,3025,465,2205,5966,6273,5850,10285,1385,7761,2390,0,1628,5703,6844,546,295,539,331,37,8,713,204,228,239,1756,2354,2047,0
35,2515,4064,28606,1686,1452,226,8,98,16207,116,232,1570,116,0,0,116,13972,3583,0,386,1026,566,0,1060,484,37,831,226,151,277,0,2158,296,1592,2952,2711,2888,3880,1026,7001,2522,0,1095,2841,2748,839,695,832,267,28,8,959,60,89,479,920,1904,1807,0
36,4137,8052,32678,1667,1443,213,11,99,23030,135,273,1532,135,0,0,135,18993,373,0,428,1001,571,0,1041,480,38,807,231,149,273,0,2143,310,1572,1969,4932,4982,3669,1001,11720,4320,0,975,1925,4090,24,19,16,232,29,8,76,81,101,140,938,3640,2189,0
37,2915,3822,31262,1618,1396,217,5,100,16824,141,284,1477,141,0,0,141,16297,4447,0,485,965,557,0,1001,474,38,775,222,150,264,0,2079,315,1522,1964,3022,4070,3160,965,8283,3154,0,1040,1940,2407,881,847,878,235,33,8,1602,95,102,533,1000,2719,2156,0
38,1465,3249,27492,1830,1554,271,5,99,17299,180,361,1650,180,0,0,180,11707,1966,0,603,1086,649,0,1133,542,44,854,276,179,305,0,2384,361,1735,4396,3982,3662,6328,1086,5621,1895,0,1481,4116,4186,418,203,411,273,31,8,665,128,153,510,1264,1582,1696,0
39,3121,3989,24737,1173,1001,164,8,72,14459,58,116,1115,58,0,0,58,12455,3474,0,196,710,395,0,741,333,26,573,164,112,184,0,1500,211,1105,1897,2515,3429,4040,710,6905,2868,0,603,1698,2385,1020,453,1015,182,19,8,812,18,39,389,514,2128,1476,0
40,989,3078,35043,2329,1912,408,9,101,24026,277,556,2052,277,0,0,277,13279,785,0,1006,1411,821,0,1454,707,46,1128,323,218,429,0,3053,455,2232,6818,6831,4194,11614,1411,6062,1811,0,2043,6622,7488,24,19,16,362,34,8,313,189,298,288,1950,1549,2496,0
41,1983,4134,30419,2009,1699,304,6,101,20231,215,430,1794,215,0,0,215,13462,1210,0,694,1197,715,0,1249,604,47,945,302,197,344,0,2627,413,1912,4982,4556,4466,6965,1197,6906,2464,0,1649,4442,4770,252,19,244,326,45,8,331,159,201,288,1448,2107,1896,0
42,1453,3444,23742,1848,1618,225,5,94,16539,151,303,1697,151,0,0,151,9840,522,0,520,1125,633,0,1171,538,40,915,253,169,312,0,2391,331,1758,4359,4026,3123,6369,1125,5211,1739,0,1339,3935,4315,24,19,16,298,27,8,174,93,112,302,1119,1247,1296,0
43,912,3081,30928,2461,2091,364,6,101,20682,258,524,2203,258,0,0,258,12480,662,0,963,1500,864,0,1565,730,57,1214,349,232,439,0,3228,457,2364,5801,4815,4211,7938,1500,6036,1668,0,1984,5835,5159,24,19,16,379,46,8,210,179,261,230,1901,1462,2047,0
44,1878,2738,31930,2088,1792,289,7,100,19242,190,385,1898,190,0,0,190,13913,2909,0,611,1268,724,0,1321,601,49,1025,294,181,360,0,2716,374,1992,4514,5021,4294,7096,1268,6561,2351,0,1531,4088,4711,783,357,777,318,32,8,667,128,156,603,1339,1961,1862,0
45,552,2965,34465,2464,2067,388,9,100,23363,298,604,2166,298,0,0,298,12692,666,0,1153,1495,873,0,1548,753,49,1209,336,228,467,0,3241,479,2368,7164,6149,4504,11027,1495,5468,1550,0,2293,7098,6954,24,19,16,349,35,8,228,243,290,295,2173,1628,2076,0
46,1115,3523,31298,2166,1868,291,7,97,20708,198,400,1968,198,0,0,198,11938,1688,0,698,1327,746,0,1380,631,46,1084,293,190,383,0,2819,392,2073,5701,5763,3304,9930,1327,5691,1597,0,1593,5504,6323,234,367,228,361,28,8,503,147,185,358,1487,1335,1800,0
47,879,3136,31001,1957,1637,308,12,101,21603,214,432,1743,214,0,0,214,10624,1107,0,743,1160,700,0,1212,584,48,911,296,196,331,0,2560,396,1860,6585,5992,3439,10951,1160,4737,1418,0,1692,6411,7345,270,83,263,259,29,8,228,146,206,289,1516,1451,1556,0
48,2387,3878,28398,1756,1487,263,6,97,17756,167,336,1589,167,0,0,167,13291,2361,0,464,1053,610,0,1083,531,36,835,245,175,298,0,2273,349,1663,3393,3295,4129,5189,1053,7225,2521,0,1099,3309,3602,601,230,596,253,28,8,698,88,134,370,1092,2218,1664,0
49,600,4576,37906,2934,2483,441,10,101,25394,329,661,2605,329,0,0,329,14731,839,0,1237,1825,1012,0,1869,899,48,1494,373,273,568,0,3849,519,2837,7472,6617,4930,11423,1825,6852,1630,0,2478,7358,7076,24,19,16,498,51,8,287,225,343,261,2353,1729,2401,0
50,2184,4469,34956,2362,1981,376,5,101,23426,228,457,2134,228,0,0,228,15621,1293,0,825,1449,816,0,1494,712,43,1176,315,223,431,0,3081,429,2265,5450,5625,4272,8565,1449,8197,2687,0,1872,5174,5496,216,62,210,370,39,8,402,156,218,390,1683,1917,2442,0
51,795,2899,25027,2164,1857,304,3,100,16052,236,482,1928,236,0,0,236,10220,797,0,767,1297,771,0,1343,658,52,1027,313,218,382,0,2839,433,2068,4569,4150,3451,6584,1297,4747,1381,0,1628,4234,4062,23,131,17,303,32,8,321,147,194,358,1530,1301,1408,0
52,5124,5970,48104,1829,1560,253,16,97,30441,134,268,1695,134,0,0,134,23597,5618,0,473,1119,617,0,1153,537,36,906,241,170,312,0,2353,324,1736,3944,7190,9784,7675,1119,13536,5233,0,1320,3572,6780,1955,411,1948,282,34,8,1012,90,124,466,1072,4761,2989,0
53,1448,3681,28940,1960,1688,262,10,101,20464,175,352,1785,175,0,0,175,11098,698,0,583,1184,679,0,1247,564,44,962,280,178,328,0,2542,358,1863,5705,5486,3776,8920,1184,5405,1855,0,1658,5420,6126,88,19,80,302,30,8,227,126,145,425,1257,1207,1929,0
54,1551,3156,23006,1604,1383,216,5,99,15542,165,333,1439,165,0,0,165,10405,737,0,466,941,568,0,983,470,44,751,229,142,267,0,2077,331,1509,3428,3770,3413,5186,941,5592,1845,0,1233,3185,3687,134,52,132,233,36,8,191,93,136,224,1076,1527,1312,0
55,1246,3854,26924,1967,1665,297,5,101,18580,207,418,1760,207,0,0,207,10560,513,0,655,1171,699,0,1224,583,50,934,288,185,339,0,2569,397,1870,5100,4599,3256,7904,1171,5248,1643,0,1475,4908,5306,24,19,16,306,34,8,162,137,172,349,1431,1328,1589,0
56,990,2890,34433,2407,2040,355,12,101,23144,252,508,2155,252,0,0,252,13323,1436,0,961,1476,834,0,1539,717,44,1211,324,219,439,0,3144,437,2310,6394,6157,4955,10232,1476,6465,1792,0,2023,6239,6625,295,73,287,401,32,8,380,203,259,293,1833,1818,1952,0
57,2467,3489,31156,1783,1489,287,7,101,17939,163,330,1620,163,0,0,163,14726,3638,0,562,1058,628,0,1104,528,45,847,255,169,299,0,2314,365,1686,3328,3132,3355,4624,1058,7493,2619,0,1031,3369,3427,977,479,974,247,28,8,955,102,137,388,1138,2495,1715,0
58,676,3910,33256,2309,1973,325,11,100,24082,253,513,2056,253,0,0,253,10519,596,0,871,1405,808,0,1455,689,48,1138,314,209,423,0,3021,438,2213,7842,6903,3949,12687,1405,4584,1343,0,2039,7655,8461,26,19,18,343,35,8,172,149,222,380,1700,1241,1589,0
59,5065,5503,42174,1209,1042,145,22,94,26101,100,201,1109,100,0,0,100,23253,4297,0,319,701,418,0,734,339,35,555,175,103,179,0,1537,241,1119,2526,4674,4428,7578,701,12761,5186,0,953,2460,4741,974,950,655,244,23,8,1477,67,98,207,705,3618,3215,0
60,3169,4003,31991,1523,1318,193,12,98,22366,145,291,1378,145,0,0,145,15556,1525,0,450,896,533,0,934,455,34,717,213,143,254,0,1962,315,1429,3625,4819,4588,6143,896,9319,3388,0,973,3458,5228,296,18,288,220,25,8,701,74,109,286,930,2305,2343,0
61,2354,3470,26143,1425,1236,183,6,93,17320,135,271,1290,135,0,0,135,12365,1693,0,381,836,500,0,870,419,37,658,209,138,226,0,1836,300,1336,2871,4360,4404,5120,836,7065,2475,0,800,2683,4297,643,19,636,207,29,8,195,62,95,237,845,2749,1187,0
62,1048,3132,32129,2478,2112,359,7,101,20153,266,535,2212,266,0,0,266,13276,1567,0,918,1508,873,0,1557,746,54,1207,348,233,453,0,3254,469,2381,5617,5304,3898,8600,1508,6128,1752,0,1853,5223,5197,236,180,238,367,49,8,544,200,246,290,1845,1606,2204,0
63,2790,3355,23622,1124,974,136,14,91,16202,118,238,1006,118,0,0,118,13063,677,0,276,632,405,0,669,330,34,495,170,104,172,0,1442,265,1037,1885,3719,4205,3035,632,7646,2847,0,819,1715,3175,186,18,181,161,23,8,144,58,84,159,693,2708,1497,0
64,1100,2879,31368,2268,1930,330,8,101,21440,233,475,2035,233,0,0,233,11670,1192,0,750,1379,792,0,1426,674,49,1100,324,218,396,0,2963,432,2171,5877,6804,4722,10339,1379,5693,1687,0,1743,5482,6835,241,53,233,340,39,8,323,146,212,431,1574,1709,1508,0
65,3344,3896,25551,1071,941,122,8,83,15912,81,162,990,81,0,0,81,13469,3176,0,220,627,365,0,651,315,22,500,147,102,163,0,1357,214,992,1433,2602,5104,2473,627,8260,3259,0,584,1365,2444,989,56,985,149,17,7,1013,30,60,268,537,2567,1626,0
66,5305,6862,53615,2246,1853,377,16,101,33136,235,474,2011,235,0,0,235,27166,5573,0,746,1363,786,0,1415,671,48,1103,310,207,405,0,2935,438,2149,4535,6408,9702,6728,1363,15124,5646,0,1646,4341,6379,1422,535,1427,363,23,8,1788,208,210,306,1594,4334,5157,0
67,1560,2303,19440,1119,983,132,4,93,11904,106,212,1013,106,0,0,106,9748,1649,0,250,638,392,0,665,323,33,503,159,97,170,0,1422,244,1030,1868,2646,2719,2659,638,5148,1676,0,820,1835,2425,411,248,405,156,26,8,439,41,89,268,684,1629,956,0
68,836,2927,29861,2424,2099,319,6,101,19968,252,508,2172,252,0,0,252,11967,662,0,858,1492,835,0,1544,713,50,1216,325,213,441,0,3162,422,2327,5832,5018,4292,8017,1492,5451,1519,0,2157,5696,5145,24,19,16,440,31,8,203,159,223,352,1711,1302,1951,0
69,2007,3525,25164,1475,1277,188,10,98,17323,131,269,1344,131,0,0,131,11022,1634,0,332,868,513,0,920,412,41,707,210,119,233,0,1894,286,1381,3658,3613,4479,5215,868,6293,2120,0,1256,3596,4058,577,18,569,243,27,8,229,83,115,173,869,1705,1275,0
70,2623,3245,24663,1254,1079,169,6,91,15820,92,185,1162,92,0,0,92,11965,2705,0,266,740,427,0,764,362,30,584,173,118,195,0,1594,239,1167,2284,3073,5303,3559,740,7138,2624,0,874,2170,3014,809,217,751,185,25,8,767,43,60,335,658,2260,1150,0
71,1944,4033,25676,1426,1200,223,3,99,16824,135,272,1291,135,0,0,135,11385,1771,0,442,831,500,0,868,419,37,653,210,138,222,0,1831,298,1331,3667,3810,3006,6017,831,6038,2145,0,1025,3401,4215,421,209,416,239,29,8,490,94,117,288,922,1896,1324,0
72,3541,3708,25655,1043,866,172,5,31,15092,14,28,1029,14,0,0,14,14131,3468,0,120,689,327,0,698,311,7,569,125,110,187,0,1343,143,1016,800,2814,3540,2210,689,8277,3244,0,183,820,2568,800,620,799,188,6,0,1062,3,9,275,345,2998,1548,0
73,808,2998,33701,2361,1981,369,11,101,22953,301,610,2060,301,0,0,301,12876,722,0,1026,1414,850,0,1474,709,59,1134,338,214,437,0,3114,476,2264,6959,5635,4144,10014,1414,5894,1663,0,2163,6797,6436,24,19,16,403,41,8,228,205,291,215,2008,1524,2195,0
74,1723,2953,30192,2004,1722,277,5,100,18853,198,399,1806,198,0,0,198,13898,1867,0,652,1216,692,0,1261,591,42,996,262,171,362,0,2600,370,1908,3980,4166,3932,5795,1216,6858,2179,0,1523,4092,4201,602,109,595,298,35,8,241,126,188,293,1394,2619,1490,0
75,3803,4468,29481,1140,996,133,11,92,19866,99,198,1041,99,0,0,99,15487,2133,0,202,655,397,0,692,322,34,523,165,97,173,0,1449,238,1052,2757,3851,4766,4278,655,9151,3747,0,860,2221,3887,532,125,528,157,28,8,786,54,64,276,595,2425,2408,0
76,468,3340,31907,2752,2332,413,7,101,19914,337,682,2415,337,0,0,337,13174,813,0,1169,1683,972,0,1733,842,52,1361,369,252,531,0,3627,537,2655,5814,5113,4629,7942,1683,5754,1474,0,2228,5726,4732,24,19,16,475,53,8,235,206,346,193,2306,1483,2561,0
77,3241,3623,21834,540,468,65,7,46,14825,28,56,512,28,0,0,28,12460,1845,0,71,317,181,0,333,152,13,256,75,51,80,0,679,103,498,927,3139,4559,2239,317,7914,3132,0,249,600,2930,443,431,441,84,11,5,445,15,25,204,229,2585,1443,0
78,1659,3032,25441,1760,1514,240,6,98,17396,159,319,1601,159,0,0,159,11107,862,0,471,1060,606,0,1096,522,37,852,240,164,299,0,2272,331,1666,4185,3957,3254,6050,1060,5947,1912,0,1303,3947,4287,119,19,111,280,31,8,347,90,143,353,1097,1627,1482,0
79,2494,4366,41637,2863,2414,435,14,100,26847,231,472,2632,231,0,0,231,17353,2278,0,881,1791,976,0,1842,841,59,1444,396,278,503,0,3743,483,2767,6540,6782,5078,10696,1791,8296,2873,0,1925,6511,7242,326,417,215,450,24,8,885,177,234,907,1804,2109,2758,0
80,767,3437,33106,2658,2287,365,6,101,22966,259,522,2399,259,0,0,259,12212,776,0,842,1655,906,0,1709,784,48,1370,337,227,499,0,3467,445,2561,6878,6262,4674,10294,1655,5868,1416,0,2278,6835,6569,59,19,51,424,54,8,199,172,246,280,1901,1381,1703,0
81,1421,3539,38098,2630,2238,383,9,100,26182,227,458,2403,227,0,0,227,13506,1978,0,845,1640,894,0,1683,774,53,1332,349,243,471,0,3428,439,2534,8154,7134,5279,12277,1640,6568,2046,0,2002,7238,8328,545,82,538,412,38,8,393,169,202,500,1712,2164,1616,0
82,926,2566,23492,1880,1612,262,6,100,15490,189,379,1691,189,0,0,189,9593,665,0,635,1132,652,0,1175,551,42,909,263,169,320,0,2436,359,1784,4276,4014,3401,6317,1132,4550,1349,0,1522,4048,4021,76,19,71,274,47,8,194,144,184,308,1371,1192,1517,0
83,5116,5709,33429,1446,1245,195,6,74,22760,62,124,1384,62,0,0,62,20100,1251,0,233,903,473,0,931,416,26,745,181,133,243,0,1849,242,1376,1743,4120,5016,2601,903,12258,4906,0,716,1385,3495,120,63,117,236,20,7,728,36,47,299,639,3708,2863,0
84,2313,2940,27342,1703,1498,194,11,96,17626,139,282,1564,139,0,0,139,12723,1933,0,403,1019,592,0,1049,502,42,803,242,162,285,0,2203,337,1611,3229,4610,3721,5851,1019,6955,2473,0,999,2864,4335,496,302,490,237,26,8,421,63,106,278,932,2142,1492,0
85,2466,3578,35449,1902,1640,253,9,100,21474,175,354,1727,175,0,0,175,16568,3371,0,578,1141,665,0,1192,546,50,923,264,158,330,0,2471,363,1806,4573,5627,5788,6684,1141,8152,2906,0,1399,3631,5386,795,588,790,277,32,8,926,102,143,722,1196,2641,2117,0
86,1323,3474,27296,2541,2245,293,3,99,17250,190,383,2351,190,0,0,190,11303,1566,0,639,1591,855,0,1635,748,47,1316,315,221,470,0,3301,417,2446,4668,3674,3958,6102,1591,5595,1585,0,1716,4575,3779,232,188,225,426,31,8,480,131,159,329,1419,1270,1493,0
87,3368,3633,25220,1037,908,121,8,67,15256,56,113,981,56,0,0,56,14384,2713,0,166,618,356,0,654,288,30,500,152,92,160,0,1330,201,974,970,3167,5339,1643,618,8415,3236,0,393,735,2477,803,216,801,164,20,6,726,18,48,285,472,3078,2099,0
88,3000,3357,21631,663,587,62,14,60,12761,46,92,617,46,0,0,46,12050,3223,0,107,374,233,0,396,193,18,292,101,66,89,0,840,151,607,995,2041,4785,1252,374,7157,2929,0,335,592,1748,949,357,944,89,16,4,878,12,36,159,302,2503,1800,0
89,5177,5718,38941,1236,1074,148,14,71,23505,58,117,1178,58,0,0,58,21946,4520,0,161,750,419,0,779,353,31,600,176,118,194,0,1588,232,1169,1855,4821,4216,3908,750,12466,4992,0,487,1369,4191,1092,811,1089,192,24,5,1334,24,38,502,517,3547,2965,0
90,861,3245,26130,1998,1694,299,5,99,17549,215,435,1783,215,0,0,215,10663,511,0,739,1201,702,0,1252,592,45,968,281,181,353,0,2605,392,1903,4815,4505,3431,7169,1201,5144,1467,0,1599,4680,4659,24,19,16,300,29,8,174,140,183,285,1531,1445,1579,0
91,1626,3418,32497,2337,2003,325,9,98,20257,204,410,2133,204,0,0,204,13512,2261,0,731,1453,790,0,1495,679,44,1197,296,197,424,0,3033,394,2243,5276,4699,3667,8500,1453,6432,2050,0,1606,5021,5148,315,409,318,364,36,8,851,164,203,502,1533,1531,2058,0
92,4569,7075,37521,1253,1101,126,26,86,27572,86,174,1167,86,0,0,86,19209,1228,0,226,748,423,0,777,360,29,606,166,109,199,0,1594,240,1171,3422,7826,5580,8082,748,11912,4578,0,719,2731,7632,421,17,416,195,20,8,176,48,68,213,640,4804,1219,0
93,4213,5231,40617,1903,1641,247,15,97,22675,157,318,1746,157,0,0,157,22171,5121,0,436,1156,654,0,1208,553,42,939,266,177,320,0,2464,348,1810,2324,4266,4779,3387,1156,11544,4358,0,1191,2155,3427,1196,1180,1188,297,33,8,1274,78,108,690,1060,3652,2647,0
94,3789,4782,43404,1918,1647,252,19,100,27094,147,298,1771,147,0,0,147,20864,4134,0,538,1158,664,0,1217,543,51,929,283,174,310,0,2486,346,1822,4517,6393,6063,8029,1158,10853,4096,0,1356,4255,6534,1323,425,1124,304,25,8,959,107,128,712,1163,3501,2511,0
95,7761,8499,56412,1304,1136,126,42,83,36336,86,174,1218,86,0,0,86,30774,7116,0,241,779,446,0,813,376,30,622,188,126,200,0,1671,251,1225,2148,8270,15527,4364,779,19287,7685,0,698,1434,7232,2427,17,2421,206,19,8,2053,40,47,405,636,6809,3406,0
96,8360,9621,65954,1145,967,128,50,78,36663,76,153,1069,76,0,0,76,39097,9334,0,214,674,397,0,710,330,30,542,166,108,177,0,1468,240,1071,1552,7083,7033,3886,674,20636,8202,0,423,913,6489,1921,2645,1638,176,22,8,2959,24,54,1113,564,7017,5470,0
97,7548,9125,64138,2153,1824,304,25,94,38340,134,270,2019,134,0,0,134,34912,7789,0,485,1339,724,0,1388,626,41,1097,288,203,368,0,2787,364,2063,4007,7605,8932,6349,1339,19423,7536,0,1128,3012,7241,1912,1249,1906,338,25,8,2389,86,99,707,1114,6884,4384,0
98,2188,3616,33241,1967,1658,302,7,101,23125,213,429,1754,213,0,0,213,15048,656,0,712,1177,693,0,1227,588,44,933,289,193,336,0,2563,389,1870,5174,5051,4508,7287,1177,8116,2680,0,1443,5019,5867,71,19,36,275,36,8,242,125,182,130,1429,2835,1911,0
99,4425,6290,49398,2654,2243,401,10,101,33045,241,490,2413,241,0,0,241,24762,2092,0,847,1631,926,0,1685,791,56,1295,386,266,468,0,3483,471,2557,5736,7484,7529,8310,1631,13751,4987,0,1870,5029,7408,376,172,379,379,47,8,764,153,227,540,1788,4095,3459,0
100,4842,8101,34684,1478,1248,222,8,87,25202,90,180,1388,90,0,0,90,19332,532,0,285,895,500,0,923,429,31,712,207,146,233,0,1895,276,1395,2847,5009,4344,5246,895,11975,4661,0,877,2659,5030,39,36,31,229,24,7,199,45,69,163,732,3063,2983,0
101,5123,5971,42227,1220,1047,155,18,67,24370,56,114,1164,56,0,0,56,22376,6568,0,157,766,391,0,787,350,19,637,142,106,208,0,1548,192,1157,2123,5304,6393,5077,766,12373,4904,0,572,1691,4830,2056,432,2055,209,17,5,1826,20,35,394,479,5136,2411,0
102,3319,5402,47522,2840,2365,464,11,101,31179,256,516,2584,256,0,0,256,20089,3101,0,995,1767,976,0,1816,859,48,1428,385,278,522,0,3719,500,2743,7553,7150,6777,11288,1767,10435,3888,0,2078,6911,7867,855,112,850,457,47,8,787,218,266,471,2047,3472,2843,0
103,10505,11275,83082,1847,1562,237,48,98,54074,172,347,1675,172,0,0,172,45904,7988,0,584,1111,642,0,1158,551,38,896,259,178,314,0,2395,363,1753,5248,11678,19080,8217,1111,27303,10792,0,1137,3296,11546,1899,647,1890,290,28,8,3262,125,150,575,1202,9891,6552,0
104,3301,7126,39279,2055,1749,291,15,101,27753,235,474,1820,235,0,0,235,18582,541,0,739,1227,731,0,1278,621,46,993,282,181,378,0,2689,415,1958,5286,6884,4998,9277,1227,10297,3875,0,1572,4996,7013,24,19,16,292,44,8,168,148,226,453,1554,3090,2505,0
105,3854,5557,42976,2529,2170,346,13,100,29695,223,452,2306,223,0,0,223,21434,1042,0,795,1575,858,0,1616,747,51,1301,312,216,473,0,3291,431,2433,5414,5967,6161,7067,1575,12204,4397,0,1893,5206,5995,55,19,47,427,45,8,473,176,221,254,1697,4327,2085,0
106,4513,5607,45183,1794,1561,210,23,98,29138,157,316,1637,157,0,0,157,21999,4219,0,412,1078,622,0,1123,516,46,862,259,163,296,0,2322,326,1700,4735,6252,8017,7237,1078,12155,4739,0,1315,4247,6682,1120,398,1113,266,28,8,1323,90,129,461,1067,4530,3047,0
107,5520,6466,39262,1614,1401,203,10,82,25885,93,186,1521,93,0,0,93,21929,3172,0,300,992,544,0,1021,478,29,795,223,164,264,0,2080,291,1536,1650,5660,7961,3513,992,13764,5335,0,633,1464,4689,573,569,567,253,26,8,1211,47,71,568,789,4340,2303,0
108,2946,4423,38736,2542,2182,354,6,96,26540,227,457,2315,227,0,0,227,18715,754,0,744,1571,879,0,1618,762,50,1262,352,249,457,0,3329,452,2450,4852,7062,7443,7016,1571,10242,3515,0,1857,4511,6415,24,19,16,413,46,8,257,153,207,494,1644,2960,2557,0
109,7396,7663,48998,854,716,101,37,42,29360,28,56,826,28,0,0,28,27772,7630,0,100,530,286,0,551,244,19,431,117,83,140,0,1102,154,816,978,5560,11105,2217,530,16787,7112,0,249,517,4695,2481,1216,2480,137,11,5,1315,5,24,461,331,7419,2788,0
110,4778,6344,51316,1865,1616,224,25,98,29393,140,283,1725,140,0,0,140,25724,7201,0,431,1145,626,0,1186,538,39,945,237,159,321,0,2397,323,1771,4250,6390,5260,7233,1145,13009,4908,0,1234,3808,6434,1458,1935,1451,309,32,8,2044,76,97,898,1004,3973,2904,0
111,1797,4088,27602,1865,1596,265,4,96,18837,149,300,1716,149,0,0,149,11593,1124,0,545,1134,639,0,1169,543,43,905,262,174,313,0,2412,339,1773,4428,4442,3288,6992,1134,6115,2098,0,1314,4333,4977,23,185,15,544,29,8,375,98,142,397,1144,1574,1499,0
112,4781,6066,50936,1796,1502,267,27,99,31197,201,404,1595,201,0,0,201,25332,5722,0,625,1056,645,0,1102,543,44,834,266,174,309,0,2346,383,1701,4342,7368,8390,7922,1056,13564,5211,0,1342,3733,7347,1808,677,1803,292,30,8,1121,118,181,595,1254,5149,3134,0
113,4303,5531,39583,1705,1440,246,19,101,26407,177,357,1528,177,0,0,177,21199,1926,0,589,1010,598,0,1045,509,40,805,237,156,292,0,2206,345,1608,3327,5571,5365,5645,1010,12174,4667,0,1172,3205,5189,379,19,371,232,36,8,927,139,136,293,1170,4050,3013,0
114,4748,6639,44772,1743,1498,216,29,98,32210,151,306,1592,151,0,0,151,23521,862,0,486,1047,602,0,1089,501,45,834,253,161,280,0,2251,328,1649,3732,8831,8272,8189,1047,13833,5001,0,1257,3563,8556,189,19,181,295,26,8,209,85,125,450,1076,4895,2647,0
115,7869,8267,62354,1177,1010,134,33,89,35193,111,224,1066,111,0,0,111,31992,12515,0,289,669,423,0,710,345,35,523,183,115,177,0,1515,271,1092,1907,6273,16155,4060,669,18912,7853,0,625,1641,6162,3700,2097,3695,169,20,8,2867,53,78,332,707,7360,4497,0
116,6027,6948,55148,2049,1772,247,30,100,33579,176,356,1873,176,0,0,176,28664,6567,0,576,1258,695,0,1299,591,47,1032,265,174,355,0,2648,358,1953,3579,6246,10520,6061,1258,16269,6268,0,1272,3581,6189,2128,210,2120,316,36,8,1784,125,171,591,1299,5565,4032,0
117,7073,7652,53158,1317,1156,127,34,87,34170,86,172,1231,86,0,0,86,29271,5696,0,266,789,445,0,827,372,32,646,177,111,209,0,1679,238,1234,2610,7316,11784,4494,789,17436,7084,0,795,2016,6839,1285,16,1277,199,20,8,2926,48,72,355,670,4923,5548,0
118,3362,3582,27065,813,703,98,12,40,15029,29,59,784,29,0,0,29,14771,4558,0,98,514,263,0,524,237,12,422,100,79,137,0,1040,127,777,785,3324,4609,2046,514,8238,3173,0,245,601,2772,1584,437,1583,131,8,3,825,8,22,431,291,3379,1210,0
119,3849,5177,36107,1531,1327,183,21,93,23958,123,246,1408,123,0,0,123,19804,1698,0,391,919,523,0,956,448,33,742,209,143,252,0,1965,289,1442,2843,6156,7398,4115,919,11206,3972,0,981,2163,5636,384,182,376,230,24,8,534,89,121,281,906,4034,2735,0
120,2627,4858,42288,2682,2299,372,11,100,27572,246,499,2436,246,0,0,246,18398,2197,0,905,1661,925,0,1704,806,53,1345,357,252,497,0,3511,473,2586,6154,7419,5274,11070,1661,9096,3219,0,1980,5993,7284,280,404,273,408,31,8,841,178,228,553,1791,2313,3077,0
121,3817,5327,40759,1799,1555,222,22,101,27431,165,332,1634,165,0,0,165,19004,2762,0,445,1081,621,0,1129,527,41,878,246,164,304,0,2323,351,1702,4902,7295,4465,9708,1081,10483,3949,0,1287,4392,7320,485,721,477,288,30,8,805,78,130,437,1084,2470,2641,0
122,4772,5563,43909,1661,1388,256,17,101,29602,197,399,1464,197,0,0,197,23276,2099,0,607,965,599,0,1023,486,45,768,252,151,274,0,2163,355,1564,4600,6154,5666,7002,965,13162,5211,0,1375,3726,6128,624,19,616,265,33,8,589,117,181,379,1234,4423,3407,0
123,7434,7599,51007,815,710,65,40,58,32949,41,82,774,41,0,0,41,30356,4688,0,117,481,280,0,504,227,25,378,123,80,123,0,1041,163,761,974,7820,11837,3389,481,17912,7328,0,377,698,6634,1440,11,1438,116,23,8,1673,21,37,557,351,7441,3983,0
124,5803,6473,48384,1700,1463,213,24,96,29562,129,260,1571,129,0,0,129,26828,4778,0,375,1024,584,0,1065,486,42,817,242,155,277,0,2192,314,1608,3026,5510,5702,4840,1024,14697,5852,0,1157,2706,5150,1539,488,1538,246,27,8,984,94,108,565,963,4428,3765,0
125,4413,5624,48830,2250,1931,301,18,98,30134,209,424,2041,209,0,0,209,23233,5567,0,682,1371,785,0,1425,668,47,1104,317,214,396,0,2941,423,2156,5166,6098,9412,7507,1371,12936,4811,0,1451,4507,6429,1467,935,1462,330,34,8,1362,155,166,487,1448,4696,2898,0
126,3287,4902,47976,2743,2337,395,11,101,30644,256,517,2487,256,0,0,256,21454,3459,0,870,1708,938,0,1764,812,51,1415,347,233,520,0,3584,466,2646,6625,7581,6516,10612,1708,10602,3915,0,2244,6183,7700,809,467,805,460,49,8,871,193,225,673,1814,3831,2645,0
127,1414,3571,29525,2018,1736,275,7,100,19998,200,404,1818,200,0,0,200,10776,1783,0,589,1214,708,0,1257,605,44,968,285,194,354,0,2630,399,1922,5465,5422,3955,8707,1214,5450,1734,0,1438,5310,6066,405,192,397,277,36,8,497,119,169,240,1297,1603,1589,0
128,3484,5075,45036,2398,2061,323,14,101,29773,200,404,2198,200,0,0,200,19853,3841,0,649,1489,812,0,1543,695,48,1221,319,210,425,0,3113,401,2301,5803,7483,9620,8858,1489,11091,3919,0,1810,5393,7560,1340,19,1338,367,41,8,748,159,180,566,1489,3665,2133,0
129,5147,6007,34697,1369,1201,148,20,83,24473,99,198,1270,99,0,0,99,20661,929,0,280,817,473,0,842,404,33,641,198,138,216,0,1763,279,1290,1464,5056,6014,2789,817,13020,5065,0,653,1362,4373,156,38,149,210,18,8,398,43,59,95,666,3871,2799,0
130,3929,5399,50098,2278,1964,293,21,99,30474,186,378,2092,186,0,0,186,22883,5786,0,601,1408,775,0,1452,660,47,1136,313,211,390,0,2958,394,2183,5670,6718,6366,9501,1408,11703,4307,0,1558,5502,7404,1115,1306,1107,385,52,8,1858,143,143,894,1397,3471,2927,0
131,5190,10150,34219,734,637,74,23,56,24556,35,70,699,35,0,0,35,20719,871,0,108,449,233,0,454,213,11,364,88,68,118,0,915,117,682,1710,5325,5314,3436,449,12725,5081,0,349,1180,5221,141,15,138,115,17,5,463,7,36,68,306,4223,3266,0
132,4566,5822,43780,1919,1637,262,20,91,28548,163,327,1756,163,0,0,163,23109,2597,0,529,1168,664,0,1212,566,42,931,278,189,323,0,2496,354,1832,3683,6435,6402,6150,1168,12841,4791,0,1186,3403,6327,601,312,595,305,36,8,782,102,137,434,1166,4786,2697,0
133,7684,8503,62469,1613,1372,206,35,100,35962,141,285,1472,141,0,0,141,34879,8464,0,456,958,559,0,997,473,39,766,227,152,263,0,2076,322,1517,3273,6324,6801,5090,958,18716,7816,0,1082,2624,5724,2876,929,2718,255,24,8,1697,96,118,950,927,6852,3690,0
134,6681,8285,71609,2536,2176,316,44,100,44100,220,442,2316,220,0,0,220,36291,7586,0,812,1581,859,0,1620,746,47,1294,322,218,469,0,3299,432,2440,7271,10476,14524,9201,1581,19259,7236,0,1864,5129,10612,3209,19,2652,421,44,8,1255,147,201,613,1605,10039,3854,0
135,6028,12137,49593,2741,2332,399,10,99,35508,164,331,2577,164,0,0,164,25868,976,0,607,1748,898,0,1788,795,44,1437,347,254,484,0,3544,412,2646,5264,7332,6337,8676,1748,15640,6051,0,1747,4895,7175,134,39,132,465,31,8,218,122,136,479,1390,3754,3766,0
136,2595,5263,21928,1284,1117,165,2,89,15358,99,203,1185,99,0,0,99,12324,303,0,331,752,447,0,785,363,39,593,190,115,195,0,1646,259,1199,1852,3441,3818,2457,752,7517,2755,0,865,1569,2652,23,18,14,186,22,8,57,62,102,160,730,1878,1614,0
137,5320,6358,55480,2361,2002,343,16,99,33332,188,379,2173,188,0,0,188,27846,6224,0,746,1465,801,0,1506,702,44,1197,305,217,426,0,3067,417,2266,4907,6577,6781,11142,1465,14829,5608,0,1511,4588,6796,2217,83,2211,377,31,8,1336,107,190,267,1509,5046,3544,0
138,5991,7868,39390,1536,1330,193,13,95,27461,104,210,1432,104,0,0,104,23250,1667,0,334,923,522,0,962,442,36,740,218,147,241,0,1967,290,1445,2128,4746,6132,3232,923,14859,5931,0,779,1687,4205,310,109,303,218,23,8,741,44,76,191,821,4125,3041,0
139,4110,5299,40052,1788,1528,251,9,101,25822,182,368,1606,182,0,0,182,20149,3515,0,552,1057,634,0,1108,529,45,837,267,173,297,0,2325,379,1691,4182,5324,7598,5331,1057,11747,4422,0,1156,3284,5213,1120,40,1112,264,30,8,982,105,144,365,1185,3958,2477,0
140,5139,5880,36848,1549,1348,189,12,92,26539,97,195,1452,97,0,0,97,20333,1044,0,272,946,515,0,973,450,31,763,207,149,247,0,1976,269,1461,2466,6526,6965,4595,946,12788,5121,0,842,2127,5661,253,65,246,245,25,7,265,42,64,393,728,3463,2584,0
141,7608,9521,80348,2504,2088,367,49,101,47137,237,480,2267,237,0,0,237,38777,12050,0,941,1537,870,0,1600,743,53,1249,348,233,451,0,3277,464,2407,6348,10372,15444,14452,1537,20802,8115,0,1757,5959,10504,3584,1518,3576,402,29,8,2921,157,257,990,1776,7879,4848,0
142,4054,6159,35794,2166,1855,305,6,95,24094,165,332,2001,165,0,0,165,18987,1419,0,563,1337,738,0,1380,644,40,1085,293,207,377,0,2813,394,2075,3349,4838,5716,4522,1337,11375,4179,0,1207,2947,4386,352,69,345,347,24,8,305,87,156,283,1247,3413,2168,0
143,3385,4049,32123,1636,1418,205,13,97,21428,126,257,1510,126,0,0,126,16454,2040,0,370,987,556,0,1030,463,41,805,220,136,269,0,2099,306,1543,2884,4723,5227,4986,987,9629,3501,0,1071,2719,4508,556,203,497,245,27,8,548,74,96,268,901,3337,1635,0
144,7057,7303,43110,1062,913,129,20,75,30353,84,169,978,84,0,0,84,26141,1828,0,228,614,377,0,646,314,28,482,161,107,164,0,1368,235,991,1450,5364,4930,4167,614,16545,6945,0,495,1356,5012,465,16,458,147,15,8,745,33,49,194,552,3888,4835,0
145,4861,6329,44125,1898,1609,275,14,98,27677,147,296,1751,147,0,0,147,21950,4872,0,498,1158,646,0,1192,559,40,936,252,177,324,0,2450,352,1804,3575,6303,8369,6951,1158,12770,4970,0,1076,3104,5757,1261,581,1256,280,33,8,1506,80,114,572,1156,4422,2713,0
146,4437,5590,42880,2158,1859,284,15,97,30251,201,405,1957,201,0,0,201,22066,786,0,592,1323,742,0,1367,638,46,1073,291,201,381,0,2807,394,2065,4550,6506,5740,7427,1323,12919,4776,0,1394,4410,6752,24,19,16,315,38,8,402,121,177,289,1373,3701,3264,0
147,6501,6819,44419,1230,1056,148,26,77,28889,83,166,1147,83,0,0,83,26379,3608,0,206,734,423,0,768,356,28,592,173,113,199,0,1580,243,1157,1413,5738,8111,3071,734,15932,6369,0,567,1218,4803,861,281,856,182,21,7,1436,30,52,316,589,6388,3001,0
148,7016,7797,46978,1299,1129,139,31,97,33564,103,209,1196,103,0,0,103,28589,1143,0,279,758,448,0,800,367,37,614,181,107,202,0,1654,259,1206,1673,7144,8493,3879,758,17765,7105,0,840,1590,6264,187,18,96,190,32,8,648,40,84,109,701,4689,4777,0
149,4867,5774,48293,2049,1750,282,17,96,30806,146,294,1903,146,0,0,146,23506,4847,0,482,1263,694,0,1317,588,40,1035,279,183,348,0,2651,358,1957,4674,7923,9517,8368,1263,13155,5004,0,1283,3794,7570,1567,221,1560,337,30,8,1146,80,117,410,1134,5010,3250,0
150,6551,8685,38970,1028,861,157,10,38,27634,32,64,996,32,0,0,32,23759,1716,0,125,674,320,0,677,312,4,557,118,110,184,0,1314,134,994,1009,5208,5608,2840,674,15349,6231,0,263,828,4963,362,156,361,176,8,3,668,10,11,241,367,4713,2803,0
151,6496,9165,50148,1787,1527,242,18,100,33828,148,299,1639,148,0,0,148,28114,2665,0,524,1074,617,0,1124,517,44,858,262,172,287,0,2308,336,1691,3486,6042,7624,5401,1074,16633,6699,0,1219,3450,5827,685,19,677,292,35,8,1011,91,157,202,1124,6187,3433,0
152,4641,5552,45822,2423,2015,395,13,99,31408,238,480,2185,238,0,0,238,24199,1165,0,854,1482,846,0,1537,735,46,1198,336,234,442,0,3174,468,2328,4030,7963,7039,8144,1482,14102,5133,0,1551,3806,6816,288,19,280,393,33,8,153,142,219,305,1648,4572,3097,0
153,5211,6277,44532,1740,1493,231,16,98,29013,126,254,1614,126,0,0,126,23978,3288,0,444,1057,589,0,1094,500,40,855,236,160,283,0,2235,310,1646,3398,5989,6547,6831,1057,13741,5372,0,1160,2967,5773,1104,461,758,271,32,8,699,87,110,522,1022,4643,2453,0
154,7461,9548,58466,2177,1852,296,29,101,37802,210,428,1967,210,0,0,210,33003,3850,0,768,1319,761,0,1374,638,54,1054,318,208,370,0,2841,405,2080,3864,6694,6873,6489,1319,18815,7960,0,1674,3512,5841,479,910,471,333,36,8,1625,165,210,596,1502,4295,5437,0
155,3438,6299,32813,1943,1664,273,6,100,22380,186,375,1757,186,0,0,186,17910,620,0,600,1175,672,0,1220,574,42,954,260,173,342,0,2519,366,1847,3055,4364,4875,4258,1175,10387,3754,0,1420,2999,3820,24,19,16,377,28,8,188,92,144,177,1281,3168,2231,0
156,8109,9323,54407,2805,2325,477,3,83,33971,80,163,2725,80,0,0,80,31629,3979,0,406,1818,908,0,1858,829,36,1498,357,288,492,0,3634,425,2726,2242,7166,6733,4009,1818,18776,7276,0,541,1934,5444,108,1090,101,514,20,8,2159,34,70,70,1112,5087,6832,0
157,7919,8409,56881,992,862,76,54,67,37744,47,94,945,47,0,0,47,33096,4570,0,159,589,340,0,615,283,26,468,145,96,151,0,1269,199,929,1422,9336,12393,4499,589,19712,7809,0,406,1016,8801,1574,493,1570,156,19,8,780,21,36,485,443,9087,1838,0
158,3248,5027,31447,1844,1575,266,3,97,21730,146,293,1698,146,0,0,146,15756,816,0,469,1123,628,0,1159,539,38,905,251,171,310,0,2379,337,1751,3907,4744,4428,5839,1123,8851,3358,0,1394,3538,4589,24,97,17,314,24,8,366,93,118,321,1131,1831,2965,0
159,6023,7967,48044,1815,1555,240,20,100,34127,151,302,1664,151,0,0,151,26505,1572,0,504,1099,620,0,1129,538,37,880,246,173,305,0,2339,340,1719,3771,7231,7725,6794,1099,16349,6206,0,1201,3220,7151,403,140,395,278,29,8,360,108,137,359,1114,4835,3282,0
160,5874,6624,44009,1549,1355,165,29,92,30311,129,259,1420,129,0,0,129,25344,1748,0,388,925,536,0,972,445,38,752,216,136,254,0,1997,301,1461,2345,7200,8446,3975,925,15311,5979,0,864,2006,6151,516,17,507,215,26,8,493,56,105,197,884,5584,3063,0
161,5625,6859,45086,1441,1221,204,16,98,30770,145,292,1296,145,0,0,145,25252,1950,0,431,834,513,0,878,423,40,657,217,139,226,0,1860,312,1347,3305,6313,5321,6209,834,14554,5798,0,1080,3191,6147,444,394,436,199,25,8,485,77,113,283,907,4110,4087,0
162,5407,6354,46878,1655,1428,206,21,98,30480,138,277,1517,138,0,0,138,23396,5312,0,454,1004,557,0,1054,462,40,846,205,118,287,0,2118,292,1561,3919,6709,10444,6911,1004,14111,5573,0,1330,3328,6138,1331,671,1326,253,36,8,1731,102,119,359,1049,3987,3267,0
163,5917,7292,63439,2143,1823,288,32,100,37252,181,364,1962,181,0,0,181,31763,8535,0,641,1304,743,0,1353,622,52,1037,312,201,365,0,2790,386,2047,5202,9136,13306,10207,1304,16752,6345,0,1366,3908,8881,2089,1169,2083,306,28,8,2883,130,170,1277,1328,5894,4462,0
164,1753,3979,38830,2610,2220,379,11,101,24229,255,517,2355,255,0,0,255,16748,2559,0,904,1616,897,0,1662,764,58,1318,341,228,477,0,3410,452,2513,6100,5341,4357,9621,1616,7919,2432,0,1935,5981,5962,304,549,298,374,39,8,1003,175,219,498,1849,2311,2284,0
165,2408,3128,27575,1614,1384,222,8,99,19678,146,295,1468,146,0,0,146,12761,660,0,438,963,556,0,999,465,42,761,233,152,254,0,2075,312,1519,3978,4179,3496,5992,963,7286,2603,0,1261,3876,4652,75,19,68,252,27,8,254,89,108,189,999,2197,1439,0
166,1553,4056,25915,1829,1590,232,7,99,18418,151,305,1678,151,0,0,151,10264,464,0,522,1112,622,0,1152,526,41,906,243,155,310,0,2356,329,1734,4965,4478,3098,7777,1112,5320,1734,0,1370,4665,5329,24,19,16,283,25,8,123,113,143,219,1165,1285,1633,0
167,2613,3270,31866,1527,1322,195,10,95,19383,143,286,1384,143,0,0,143,14550,3885,0,376,902,534,0,938,453,37,721,214,141,255,0,1970,317,1436,3072,5389,5346,7849,902,7800,2766,0,933,2867,5017,1288,199,1286,219,25,8,881,69,107,349,890,2787,1664,0
168,3366,4257,34784,1150,991,137,22,92,18752,105,212,1045,105,0,0,105,17820,5860,0,272,657,405,0,689,324,38,517,169,100,168,0,1467,244,1062,2436,3781,4559,4553,657,8973,3469,0,784,1940,3586,1664,1054,1658,159,27,6,1332,53,82,542,655,3402,1806,0
169,8021,8933,67650,1995,1700,266,29,91,37004,136,274,1859,136,0,0,136,38095,9985,0,408,1224,684,0,1268,583,43,985,281,193,334,0,2592,365,1908,3497,6403,7117,4782,1224,19929,7935,0,881,2307,5952,1284,2912,1277,311,28,8,4205,54,109,1044,1018,6972,6025,0
170,3580,6551,31173,1854,1580,269,5,87,19934,132,268,1722,132,0,0,132,17117,1676,0,382,1142,629,0,1182,544,36,930,249,177,316,0,2400,332,1771,2527,3600,4064,3585,1142,9774,3533,0,974,2415,3238,329,215,322,333,20,8,483,78,105,316,968,2933,2462,0
171,1922,3230,25028,1379,1199,173,7,96,17114,114,231,1265,114,0,0,114,10780,1328,0,372,807,480,0,846,391,38,643,199,122,211,0,1767,278,1287,3685,4528,3433,6775,807,5857,2098,0,946,3305,4908,359,19,352,196,29,8,414,75,102,202,866,1960,1483,0
172,917,3051,28437,2214,1886,321,7,101,18441,240,486,1974,240,0,0,240,11320,1203,0,840,1335,782,0,1383,656,54,1079,302,190,407,0,2899,429,2117,5294,4328,4232,7134,1335,5221,1524,0,1863,5206,4627,137,109,129,334,55,8,462,170,212,212,1666,1433,1888,0
173,3624,7354,26633,1368,1178,182,8,87,18645,129,259,1239,129,0,0,129,15658,310,0,328,793,492,0,837,404,37,620,214,136,215,0,1777,303,1285,1693,3222,3196,2852,793,9827,3655,0,651,1611,2901,23,18,15,191,26,8,63,48,85,82,810,2885,1969,0
174,3228,4146,36697,1725,1520,187,18,100,20552,145,293,1580,145,0,0,145,18926,4730,0,383,1042,587,0,1087,492,41,853,227,141,293,0,2216,308,1629,3132,4343,4296,5220,1042,9327,3465,0,1293,2612,3855,681,1276,674,264,31,8,1850,70,108,636,983,2513,2565,0
175,1847,3296,19025,1307,1151,153,3,93,12377,112,226,1195,112,0,0,112,9438,993,0,321,773,445,0,800,380,30,618,177,117,208,0,1663,254,1218,1989,2456,2942,2883,773,5415,1905,0,758,1974,2325,221,68,214,189,21,7,317,68,90,186,749,1507,1305,0
176,2326,3292,25795,1701,1454,241,6,88,16326,133,267,1568,133,0,0,133,11943,2153,0,397,1031,586,0,1072,501,37,824,244,169,281,0,2203,325,1617,3143,3744,4347,5112,1031,6724,2352,0,917,2674,3659,608,255,603,249,21,8,439,73,104,387,950,2305,1333,0
177,976,2493,27053,2161,1854,304,3,101,17804,220,447,1941,220,0,0,220,10760,749,0,777,1303,761,0,1360,632,55,1038,318,202,371,0,2825,401,2064,5010,5004,3694,8151,1303,4939,1603,0,1724,4597,4941,128,19,120,317,39,8,197,150,190,434,1579,1388,1602,0
178,2870,5034,28144,1773,1524,247,2,96,19527,147,296,1626,147,0,0,147,14476,564,0,426,1067,614,0,1101,529,38,854,242,171,304,0,2295,348,1681,3048,4092,3997,4613,1067,8469,2964,0,1163,2977,3954,66,19,58,249,31,8,138,94,127,174,1039,2601,1708,0
179,4957,5757,42914,1219,1073,118,28,83,24931,84,170,1135,84,0,0,84,24204,5116,0,237,720,420,0,751,352,31,570,179,122,181,0,1560,239,1140,1937,5256,4625,4229,720,12674,4917,0,732,1813,4795,1877,388,1499,180,22,8,1180,36,61,796,607,4424,2408,0
180,2293,3581,30252,1689,1417,265,7,100,17409,150,303,1539,150,0,0,150,14550,3593,0,477,1008,585,0,1052,490,41,810,240,153,277,0,2178,327,1593,3135,3327,4362,4173,1008,7232,2589,0,1303,3047,3238,995,410,1003,242,29,8,953,133,128,536,1064,2188,1782,0
181,4394,5865,47005,2441,2087,339,15,100,29589,177,359,2264,177,0,0,177,21858,4919,0,594,1523,822,0,1566,714,48,1231,331,233,422,0,3167,413,2345,5512,5949,7319,8069,1523,12049,4540,0,1666,5171,6163,1678,237,1672,402,51,8,888,106,175,428,1414,4292,2575,0
182,2405,3384,26821,1576,1368,198,10,96,17411,122,248,1454,122,0,0,122,12772,1886,0,371,952,532,0,993,449,35,780,210,135,258,0,2016,282,1484,3330,4286,4086,5611,952,6956,2569,0,1065,2766,4055,278,225,271,274,29,8,850,64,84,293,854,1752,1892,0
183,1008,3464,36221,2429,2038,380,11,101,25236,298,607,2131,298,0,0,298,13377,659,0,1091,1462,870,0,1517,737,57,1160,353,236,444,0,3202,497,2332,7261,7577,4129,12835,1462,6433,1965,0,1912,6820,8106,24,19,16,344,40,8,238,205,299,347,2009,1589,2272,0
184,936,2677,30699,2465,2100,358,7,101,20328,267,539,2198,267,0,0,267,12389,721,0,879,1501,867,0,1563,732,55,1210,351,231,443,0,3235,461,2368,5655,5309,4251,8337,1501,5827,1687,0,1944,5520,5350,58,19,50,368,29,8,189,203,249,526,1824,1498,1861,0
185,1525,2979,24104,1682,1437,241,4,96,15304,141,287,1541,141,0,0,141,10775,2037,0,458,1009,581,0,1056,484,40,813,237,154,273,0,2171,316,1590,3275,3388,4220,4727,1009,6033,1723,0,1117,3047,3384,642,111,634,259,33,8,392,95,130,244,1024,1947,1113,0
186,1060,2501,20823,1719,1485,231,3,99,13780,171,347,1548,171,0,0,171,9268,568,0,583,1025,599,0,1062,499,45,816,242,153,288,0,2223,325,1624,3383,2885,3171,4255,1025,4667,1517,0,1434,3354,2808,102,19,94,232,36,8,113,108,138,185,1112,1308,1213,0
187,2161,4307,27179,1908,1661,242,5,96,19642,137,276,1771,137,0,0,137,11432,593,0,495,1168,648,0,1210,560,37,945,260,184,318,0,2464,347,1816,4762,4583,3298,7200,1168,6672,2147,0,1256,4362,5205,79,19,71,317,28,8,112,93,122,231,1115,1693,1227,0
188,1780,4976,51354,3145,2656,470,19,101,36250,329,665,2816,329,0,0,329,17757,1623,0,1223,1950,1098,0,2026,937,59,1598,426,280,599,0,4146,554,3048,11465,9833,6786,16694,1950,7933,2838,0,2738,10723,12018,286,212,278,472,49,8,340,239,301,891,2335,2512,2163,0
189,1458,3196,31133,2334,2033,292,9,101,21628,189,379,2145,189,0,0,189,12366,765,0,700,1449,788,0,1497,678,44,1197,296,197,423,0,3025,387,2237,5870,5475,4186,8696,1449,6212,1865,0,1806,5704,6041,83,19,75,390,29,8,210,139,174,340,1483,1771,1624,0
190,4316,5770,39943,1780,1523,247,10,100,27161,163,329,1617,163,0,0,163,20243,2268,0,506,1067,617,0,1114,520,40,866,246,157,301,0,2301,342,1684,3949,5756,6814,6392,1067,11828,4556,0,1273,3768,5736,544,334,540,264,21,8,600,107,134,203,1121,3160,3387,0
191,1642,4091,28659,2093,1801,286,6,100,19095,192,388,1901,192,0,0,192,12755,848,0,673,1265,732,0,1330,595,54,1030,297,175,362,0,2729,388,1997,4503,4826,4097,6902,1265,6371,2131,0,1782,4246,4565,67,116,62,307,34,8,312,148,186,433,1413,1868,1528,0
192,3181,3618,28588,1254,1099,142,13,93,20786,102,207,1152,102,0,0,102,14937,419,0,279,727,438,0,770,349,39,573,192,113,182,0,1603,257,1165,2891,4930,3840,5510,727,8958,3292,0,894,2664,4978,22,19,16,182,31,8,194,59,73,96,733,2624,2110,0
193,2379,4744,28413,1532,1329,194,9,99,20260,137,275,1395,137,0,0,137,13233,651,0,418,903,534,0,940,448,38,710,228,151,238,0,1971,299,1437,3858,5681,4265,7118,903,7429,2619,0,1133,3300,5779,133,19,125,229,29,8,151,80,111,197,904,2701,1450,0
194,1319,2983,20392,1846,1590,254,2,98,13489,165,333,1681,165,0,0,165,9013,493,0,511,1103,649,0,1154,546,45,881,270,177,311,0,2401,371,1752,3086,3037,2848,4406,1103,4827,1461,0,1209,3128,2864,24,18,16,282,30,8,166,111,113,280,1123,1275,1018,0
195,1658,3178,28017,2332,2036,292,4,101,18622,190,386,2142,190,0,0,190,11905,1053,0,706,1437,798,0,1483,680,50,1159,320,213,407,0,3033,410,2235,4306,4211,4199,5970,1437,6403,2036,0,1482,4464,4237,149,136,141,356,40,8,290,119,146,167,1444,1978,1296,0
196,2609,3206,21433,1178,1033,141,4,72,13110,58,116,1120,58,0,0,58,11545,2271,0,168,727,383,0,753,330,24,604,147,99,187,0,1493,183,1110,1193,2400,4072,1801,727,6782,2467,0,574,1223,2064,714,162,671,180,16,6,549,20,47,255,516,2312,1284,0
197,1461,3931,26957,1905,1638,261,6,98,18657,174,350,1731,174,0,0,174,11762,511,0,611,1164,647,0,1203,551,43,947,254,164,326,0,2458,332,1811,4374,4605,4513,6246,1164,6120,1953,0,1588,4245,4751,24,18,15,315,32,8,145,113,165,263,1308,1656,1632,0
198,2202,3095,29666,1823,1562,255,6,101,16743,168,340,1655,168,0,0,168,14422,3224,0,603,1088,638,0,1136,535,42,868,264,172,303,0,2364,358,1726,3241,3401,2868,4584,1088,6938,2529,0,1287,3054,2935,428,895,421,275,31,8,1198,120,149,369,1186,1908,2085,0
199,1797,3111,33019,2588,2207,375,6,101,21347,258,523,2330,258,0,0,258,15035,867,0,886,1597,894,0,1645,774,52,1298,345,235,481,0,3385,468,2491,4874,5602,5307,7346,1597,7427,2446,0,1966,4633,4875,24,19,16,372,53,8,413,179,212,709,1864,2205,2022,0
200,446,3137,29363,2072,1727,336,9,101,20204,264,534,1808,264,0,0,264,10832,546,0,945,1231,744,0,1291,621,52,984,303,197,367,0,2719,432,1975,6185,5147,3638,9620,1231,4931,1265,0,1883,6016,6109,24,19,16,278,35,8,205,183,243,237,1770,1282,1734,0
201,2449,3074,26731,1313,1148,159,6,99,15785,135,270,1178,135,0,0,135,13927,2545,0,365,754,464,0,794,383,36,595,192,120,207,0,1682,278,1218,2260,3481,3010,3838,754,7150,2661,0,906,2029,3039,842,189,838,188,28,8,482,72,120,335,836,2373,1907,0
202,1841,2817,27174,1795,1565,222,8,100,17330,188,380,1607,188,0,0,188,12191,1861,0,542,1068,631,0,1111,530,44,865,243,154,318,0,2330,355,1699,3691,4383,4953,5574,1068,6453,2253,0,1278,3334,4012,395,108,388,274,29,8,717,116,145,273,1197,1717,1975,0
203,696,3155,36849,2470,2065,391,14,101,25799,333,675,2137,333,0,0,333,12216,859,0,1098,1489,884,0,1542,755,52,1199,341,222,474,0,3257,505,2373,8366,7539,4440,13787,1489,5202,1629,0,2173,7909,8886,107,19,99,359,41,8,274,213,277,354,1985,1534,1915,0
204,1489,2977,30601,2338,1992,341,5,101,20601,180,365,2158,180,0,0,180,11676,1342,0,725,1452,789,0,1491,692,46,1183,306,218,413,0,3030,408,2241,5724,5170,3836,8494,1452,5714,1809,0,1587,5605,5886,273,19,273,393,37,8,386,111,159,240,1424,1981,1607,0
205,3846,5248,41741,1768,1484,268,16,99,24684,202,407,1566,202,0,0,202,21176,4692,0,646,1043,630,0,1086,533,42,819,262,176,299,0,2303,376,1673,3668,4600,4890,6332,1043,11083,4212,0,1356,3553,4480,1293,556,1294,248,30,8,1306,137,168,579,1286,3228,2810,0
206,2527,3798,35457,1931,1662,261,8,101,21394,167,338,1764,167,0,0,167,16043,3742,0,502,1166,668,0,1214,554,47,947,264,162,332,0,2502,355,1834,4520,4490,4244,6850,1166,7902,2826,0,1404,4266,4996,1235,338,1233,297,42,8,642,105,128,607,1176,2899,1586,0
207,1051,2449,24937,1526,1310,205,11,99,16300,164,329,1362,164,0,0,164,9718,1845,0,468,897,534,0,938,446,39,716,219,140,249,0,1965,314,1431,4286,4608,4812,6390,897,4730,1467,0,1198,3892,5013,547,92,540,247,35,8,408,116,140,440,1001,1595,1231,0
208,3815,4121,24387,759,655,96,8,69,16656,54,108,705,54,0,0,54,14785,1382,0,121,434,260,0,458,216,19,345,106,67,113,0,954,160,694,845,2910,4001,1499,434,9278,3770,0,440,631,2537,286,15,282,113,16,6,691,23,40,160,364,3411,1370,0
209,1863,3767,38607,2575,2178,388,9,101,24622,255,515,2320,255,0,0,255,16365,2451,0,954,1601,877,0,1646,758,49,1317,327,219,480,0,3355,446,2478,6077,6008,6789,8639,1601,7885,2638,0,2145,5938,6016,481,271,478,427,45,8,744,228,259,712,1855,2329,2501,0
210,4061,4423,27775,921,821,81,19,79,19257,75,150,846,75,0,0,75,15184,1963,0,175,519,327,0,554,254,32,413,139,76,131,0,1173,203,846,1785,3285,3945,3238,519,9675,4064,0,597,1606,3315,850,16,842,116,20,8,139,30,59,97,508,3534,1123,0
211,4922,6046,43942,1912,1667,228,17,100,26207,143,289,1769,143,0,0,143,24509,4288,0,576,1165,651,0,1206,555,42,936,265,181,316,0,2467,341,1816,3022,5058,5732,7372,1165,13345,5125,0,1144,2351,4242,707,1002,702,297,28,8,1596,94,107,525,1095,4484,2610,0
212,4429,4768,28784,1078,917,156,5,78,20091,76,152,1002,76,0,0,76,17056,917,0,210,627,377,0,659,314,29,496,161,108,160,0,1381,234,1004,1328,3847,4302,2629,627,10617,4282,0,442,1196,3554,96,48,92,148,16,7,539,26,38,139,510,2968,2609,0
213,2098,3235,26789,1466,1256,204,6,99,19253,147,295,1319,147,0,0,147,11986,725,0,450,853,518,0,899,425,39,679,218,134,234,0,1889,306,1371,4043,4692,4071,6359,853,6944,2402,0,1056,3546,5305,123,19,115,271,29,8,205,87,131,113,925,1814,1677,0
214,2379,3253,24345,1503,1311,188,4,93,15494,111,223,1392,111,0,0,111,11988,1850,0,352,901,513,0,931,437,35,720,208,142,241,0,1927,284,1414,2627,2741,3137,3332,901,6799,2395,0,818,2524,2958,23,563,16,207,28,8,1052,56,86,273,804,1603,1554,0
215,1451,3590,31584,2317,1994,316,7,99,18843,240,489,2077,240,0,0,240,14196,2304,0,800,1401,821,0,1470,677,61,1134,333,205,415,0,3043,436,2222,4477,4576,3988,6467,1401,6540,2084,0,1850,4337,4032,696,190,690,330,37,8,387,176,216,527,1624,2131,1708,0
216,2801,3602,29250,1576,1351,214,11,95,17653,131,264,1445,131,0,0,131,14367,2860,0,370,939,546,0,971,467,36,753,216,146,265,0,2031,315,1485,2579,4796,3113,5494,939,7543,2850,0,919,2392,3949,495,662,489,230,31,8,987,68,109,388,882,1908,2020,0
217,2274,2918,24052,1229,1061,162,6,91,14108,127,258,1102,127,0,0,127,11763,3105,0,309,711,431,0,742,360,31,554,184,118,188,0,1573,256,1142,2437,2752,5120,2946,711,6399,2413,0,848,1914,2534,919,346,914,149,29,6,787,55,87,350,762,2274,1593,0
218,677,3969,30329,2638,2240,391,7,100,19328,279,568,2359,279,0,0,279,12698,789,0,1027,1627,915,0,1679,777,56,1331,345,225,493,0,3457,478,2542,5531,4775,4484,7479,1627,5778,1489,0,2163,5416,4482,76,19,68,386,61,8,191,182,306,508,2006,1323,2057,0
