episode_reward_mean,episode_len_mean,timesteps_this_iter,done,timesteps_total,episodes_total,training_iteration,trial_id,experiment_id,date,timestamp,time_this_iter_s,time_total_s,pid,hostname,node_ip,time_since_restore,timesteps_since_restore,iterations_since_restore,warmup_time,info/weights_norm,info/grad_norm,info/update_ratio,info/episodes_this_iter,info/episodes_so_far,perf/cpu_util_percent,perf/ram_util_percent,perf/gpu_util_percent0,perf/vram_util_percent0
nan,nan,280,False,280,,1,default,5e3e12173757487bb8d5cace6d7067b1,2022-08-12_13-59-51,1660280391,74.08787369728088,74.08787369728088,74872,jschang,210.221.116.119,74.08787369728088,280,1,6.272470235824585,525.78754,45.680756,0.18119949,280,280,64.90192307692308,28.697115384615383,0.0475,0.0677646734775641
nan,nan,280,False,560,,2,default,5e3e12173757487bb8d5cace6d7067b1,2022-08-12_14-01-00,1660280460,69.15749478340149,143.24536848068237,74872,jschang,210.221.116.119,143.24536848068237,560,2,6.272470235824585,545.14484,46.709385,0.12636884,280,560,65.34895833333334,29.03333333333333,0.09385416666666664,0.06820339626736112
-68.78762,1.0,280,False,840,,3,default,5e3e12173757487bb8d5cace6d7067b1,2022-08-12_14-02-49,1660280569,109.1586697101593,252.40403819084167,74872,jschang,210.221.116.119,252.40403819084167,840,3,6.272470235824585,566.80164,41.04141,0.10134664,280,840,71.77843137254901,30.36339869281046,0.09287581699346406,0.07556657645697168
-68.78762,nan,280,False,1120,,4,default,5e3e12173757487bb8d5cace6d7067b1,2022-08-12_14-04-36,1660280676,106.31207036972046,358.71610856056213,74872,jschang,210.221.116.119,358.71610856056213,1120,4,6.272470235824585,588.8322,51.6156,0.08667174,280,1120,72.65202702702703,30.37162162162162,0.07047297297297297,0.07571878519144143
-68.78762,nan,280,False,1400,,5,default,5e3e12173757487bb8d5cace6d7067b1,2022-08-12_14-05-54,1660280754,78.37331318855286,437.089421749115,74872,jschang,210.221.116.119,437.089421749115,1400,5,6.272470235824585,610.7714,48.99725,0.07625199,280,1400,67.60091743119266,29.972477064220183,0.06027522935779815,0.07506838923929665
-68.78762,nan,280,False,1680,,6,default,5e3e12173757487bb8d5cace6d7067b1,2022-08-12_14-07-12,1660280832,77.91704177856445,515.0064635276794,74872,jschang,210.221.116.119,515.0064635276794,1680,6,6.272470235824585,632.7298,46.47596,0.06856289,280,1680,67.30642201834863,30.088073394495407,0.061376146788990824,0.07503255208333336
-68.78762,nan,280,False,1960,,7,default,5e3e12173757487bb8d5cace6d7067b1,2022-08-12_14-08-15,1660280895,63.511335611343384,578.5177991390228,74872,jschang,210.221.116.119,578.5177991390228,1960,7,6.272470235824585,654.56714,38.926327,0.06223842,280,1960,63.14772727272727,30.0125,0.06079545454545455,0.07506214488636365
-2.8842144,1.0,280,False,2240,,8,default,5e3e12173757487bb8d5cace6d7067b1,2022-08-12_14-09-21,1660280961,65.64133548736572,644.1591346263885,74872,jschang,210.221.116.119,644.1591346263885,2240,8,6.272470235824585,675.7221,55.080082,0.05811542,280,2240,61.37282608695654,30.04347826086957,0.06478260869565218,0.07506085824275362
-2.8842144,nan,280,False,2520,,9,default,5e3e12173757487bb8d5cace6d7067b1,2022-08-12_14-10-42,1660281042,80.40872716903687,724.5678617954254,74872,jschang,210.221.116.119,724.5678617954254,2520,9,6.272470235824585,696.52124,51.942646,0.0545333,280,2520,67.66517857142857,30.26517857142857,0.06625,0.07492937360491071
-2.8842144,nan,280,False,2800,,10,default,5e3e12173757487bb8d5cace6d7067b1,2022-08-12_14-12-02,1660281122,80.71768712997437,805.2855489253998,74872,jschang,210.221.116.119,805.2855489253998,2800,10,6.272470235824585,716.79114,52.266632,0.05147942,280,2800,67.74107142857143,30.197321428571428,0.060892857142857144,0.07033575148809523
-0.7599513,1.0,280,False,3080,,11,default,5e3e12173757487bb8d5cace6d7067b1,2022-08-12_14-13-12,1660281192,69.41880655288696,874.7043554782867,74872,jschang,210.221.116.119,874.7043554782867,3080,11,6.272470235824585,736.6542,52.845467,0.048865847,280,3080,62.32577319587628,30.145360824742266,0.05855670103092783,0.0703259235395189
5.5371733,1.0,280,False,3360,,12,default,5e3e12173757487bb8d5cace6d7067b1,2022-08-12_14-14-21,1660281261,69.60467004776001,944.3090255260468,74872,jschang,210.221.116.119,944.3090255260468,3360,12,6.272470235824585,756.2677,47.45205,0.04645597,280,3360,62.80816326530612,30.039795918367346,0.057346938775510205,0.07032578656462586
4.4297385,1.0,280,False,3640,,13,default,5e3e12173757487bb8d5cace6d7067b1,2022-08-12_14-15-39,1660281339,78.0107171535492,1022.319742679596,74872,jschang,210.221.116.119,1022.319742679596,3640,13,6.272470235824585,775.4636,41.70479,0.04403618,280,3640,65.67037037037038,30.309259259259257,0.06509259259259259,0.07032455632716049
4.4297385,nan,280,False,3920,,14,default,5e3e12173757487bb8d5cace6d7067b1,2022-08-12_14-16-56,1660281416,76.55513501167297,1098.874877691269,74872,jschang,210.221.116.119,1098.874877691269,3920,14,6.272470235824585,794.232,39.728916,0.041843846,280,3920,66.79158878504671,30.285981308411213,0.06411214953271027,0.0703490070093458
4.4297385,nan,280,False,4200,,15,default,5e3e12173757487bb8d5cace6d7067b1,2022-08-12_14-18-10,1660281490,74.04507207870483,1172.9199497699738,74872,jschang,210.221.116.119,1172.9199497699738,4200,15,6.272470235824585,812.51965,47.476585,0.040462207,280,4200,66.10485436893204,30.324271844660196,0.06339805825242718,0.0703662267394822
4.4297385,nan,280,False,4480,,16,default,5e3e12173757487bb8d5cace6d7067b1,2022-08-12_14-19-24,1660281564,74.30806231498718,1247.228012084961,74872,jschang,210.221.116.119,1247.228012084961,4480,16,6.272470235824585,830.26294,52.488262,0.03944716,280,4480,66.39423076923077,30.075961538461538,0.06538461538461539,0.0703125
4.4297385,nan,280,False,4760,,17,default,5e3e12173757487bb8d5cace6d7067b1,2022-08-12_14-20-37,1660281637,72.62869310379028,1319.8567051887512,74872,jschang,210.221.116.119,1319.8567051887512,4760,17,6.272470235824585,847.5848,45.093117,0.03804288,280,4760,66.15544554455445,30.07227722772277,0.058514851485148504,0.07035117574257425
3.691449,1.0,280,False,5040,,18,default,5e3e12173757487bb8d5cace6d7067b1,2022-08-12_14-21-52,1660281712,74.82857584953308,1394.6852810382843,74872,jschang,210.221.116.119,1394.6852810382843,5040,18,6.272470235824585,864.42456,52.075417,0.037264034,280,5040,63.94761904761905,30.184761904761906,0.05923809523809524,0.07037450396825397
4.249227,1.0,280,False,5320,,19,default,5e3e12173757487bb8d5cace6d7067b1,2022-08-12_14-23-12,1660281792,80.21712040901184,1474.9024014472961,74872,jschang,210.221.116.119,1474.9024014472961,5320,19,6.272470235824585,881.01184,43.890358,0.036130108,280,5320,65.58828828828828,30.31711711711712,0.07675675675675674,0.07037701764264263
4.249227,nan,280,False,5600,,20,default,5e3e12173757487bb8d5cace6d7067b1,2022-08-12_14-24-30,1660281870,77.89587497711182,1552.798276424408,74872,jschang,210.221.116.119,1552.798276424408,5600,20,6.272470235824585,897.12915,51.53271,0.03551493,280,5600,67.01559633027522,30.378899082568804,0.06532110091743118,0.07035132358562692
9.577866,1.0,280,False,5880,,21,default,5e3e12173757487bb8d5cace6d7067b1,2022-08-12_14-26-06,1660281966,96.29129838943481,1649.0895748138428,74872,jschang,210.221.116.119,1649.0895748138428,5880,21,6.272470235824585,912.8977,55.73318,0.035119403,280,5880,69.02164179104479,30.479850746268657,0.06014925373134328,0.07032221703980099
9.577866,nan,280,False,6160,,22,default,5e3e12173757487bb8d5cace6d7067b1,2022-08-12_14-27-40,1660282060,93.36405897140503,1742.4536337852478,74872,jschang,210.221.116.119,1742.4536337852478,6160,22,6.272470235824585,928.4553,47.60439,0.034230657,280,6160,70.0114503816794,30.306870229007632,0.057786259541984734,0.07033237913486004
9.577866,nan,280,False,6440,,23,default,5e3e12173757487bb8d5cace6d7067b1,2022-08-12_14-28-47,1660282127,67.54786682128906,1810.0015006065369,74872,jschang,210.221.116.119,1810.0015006065369,6440,23,6.272470235824585,943.6181,35.27652,0.032928478,280,6440,64.2127659574468,30.060638297872345,0.07276595744680851,0.07034020390070922
9.34007,1.0,280,False,6720,,24,default,5e3e12173757487bb8d5cace6d7067b1,2022-08-12_14-29-56,1660282196,69.37474012374878,1879.3762407302856,74872,jschang,210.221.116.119,1879.3762407302856,6720,24,6.272470235824585,958.3484,36.014477,0.031809952,280,6720,62.18969072164949,30.098969072164948,0.05793814432989692,0.0703393470790378
9.34007,nan,280,False,7000,,25,default,5e3e12173757487bb8d5cace6d7067b1,2022-08-12_14-31-16,1660282276,79.22716498374939,1958.603405714035,74872,jschang,210.221.116.119,1958.603405714035,7000,25,6.272470235824585,972.7013,47.39212,0.031582214,280,7000,67.72727272727272,30.274545454545454,0.05972727272727272,0.07033617424242425
9.34007,nan,280,False,7280,,26,default,5e3e12173757487bb8d5cace6d7067b1,2022-08-12_14-32-35,1660282355,79.19230628013611,2037.7957119941711,74872,jschang,210.221.116.119,2037.7957119941711,7280,26,6.272470235824585,986.73,48.682285,0.031354226,280,7280,67.6936936936937,30.38738738738739,0.058468468468468454,0.07033596096096097
9.34007,nan,280,False,7560,,27,default,5e3e12173757487bb8d5cace6d7067b1,2022-08-12_14-33-53,1660282433,78.07428050041199,2115.869992494583,74872,jschang,210.221.116.119,2115.869992494583,7560,27,6.272470235824585,1000.57007,50.026665,0.031193994,280,7560,67.30925925925926,30.396296296296295,0.06185185185185185,0.0703245563271605
9.429605,1.0,280,False,7840,,28,default,5e3e12173757487bb8d5cace6d7067b1,2022-08-12_14-35-16,1660282516,82.96726298332214,2198.8372554779053,74872,jschang,210.221.116.119,2198.8372554779053,7840,28,6.272470235824585,1014.15753,43.563988,0.030656021,280,7840,63.9456896551724,30.170689655172417,0.05887931034482759,0.07037143049568965
8.572368,1.0,280,False,8120,,29,default,5e3e12173757487bb8d5cace6d7067b1,2022-08-12_14-36-45,1660282605,89.22508072853088,2288.062336206436,74872,jschang,210.221.116.119,2288.062336206436,8120,29,6.272470235824585,1027.4952,38.813805,0.029970616,280,8120,67.62159999999999,30.2728,0.06256,0.07036458333333333
8.572368,nan,280,False,8400,,30,default,5e3e12173757487bb8d5cace6d7067b1,2022-08-12_14-38-12,1660282692,87.04847145080566,2375.110807657242,74872,jschang,210.221.116.119,2375.110807657242,8400,30,6.272470235824585,1040.6768,45.562523,0.029724075,280,8400,69.22892561983471,30.388429752066116,0.06090909090909091,0.0703125
8.572368,nan,280,False,8680,,31,default,5e3e12173757487bb8d5cace6d7067b1,2022-08-12_14-39-46,1660282786,94.2121012210846,2469.3229088783264,74872,jschang,210.221.116.119,2469.3229088783264,8680,31,6.272470235824585,1053.5709,36.495117,0.029046666,280,8680,70.73636363636365,30.514393939393944,0.062348484848484854,0.07033222853535354
7.8580036,1.0,280,False,8960,,32,default,5e3e12173757487bb8d5cace6d7067b1,2022-08-12_14-41-23,1660282883,96.78495573997498,2566.1078646183014,74872,jschang,210.221.116.119,2566.1078646183014,8960,32,6.272470235824585,1066.1692,37.939514,0.028527552,280,8960,68.76000000000002,30.5,0.0522962962962963,0.07033179012345679
7.8580036,nan,280,False,9240,,33,default,5e3e12173757487bb8d5cace6d7067b1,2022-08-12_14-42-30,1660282950,67.15468120574951,2633.262545824051,74872,jschang,210.221.116.119,2633.262545824051,9240,33,6.272470235824585,1078.4327,51.71597,0.02878628,280,9240,64.26021505376345,30.330107526881715,0.05763440860215052,0.07032650089605734
7.7120996,1.0,280,False,9520,,34,default,5e3e12173757487bb8d5cace6d7067b1,2022-08-12_14-43-42,1660283022,71.41383457183838,2704.6763803958893,74872,jschang,210.221.116.119,2704.6763803958893,9520,34,6.272470235824585,1090.4543,44.036232,0.028550552,280,9520,60.726000000000006,30.08,0.058800000000000005,0.07033854166666666
7.7120996,nan,280,False,9800,,35,default,5e3e12173757487bb8d5cace6d7067b1,2022-08-12_14-45-09,1660283109,86.93667101860046,2791.6130514144897,74872,jschang,210.221.116.119,2791.6130514144897,9800,35,6.272470235824585,1102.2373,49.81753,0.028590424,280,9800,69.63388429752065,30.34297520661157,0.04355371900826448,0.0703125
7.7120996,nan,280,False,10080,,36,default,5e3e12173757487bb8d5cace6d7067b1,2022-08-12_14-46-36,1660283196,86.94512248039246,2878.558173894882,74872,jschang,210.221.116.119,2878.558173894882,10080,36,6.272470235824585,1113.8217,43.490227,0.028348006,280,10080,69.6694214876033,30.357024793388433,0.04363636363636364,0.0703125
7.7120996,nan,280,False,10360,,37,default,5e3e12173757487bb8d5cace6d7067b1,2022-08-12_14-47-48,1660283268,72.16936993598938,2950.7275438308716,74872,jschang,210.221.116.119,2950.7275438308716,10360,37,6.272470235824585,1125.3076,47.843567,0.028315207,280,10360,65.57821782178219,30.224752475247524,0.04425742574257425,0.07032539191419142
7.7120996,nan,280,False,10640,,38,default,5e3e12173757487bb8d5cace6d7067b1,2022-08-12_14-49-00,1660283340,72.10545563697815,3022.8329994678497,74872,jschang,210.221.116.119,3022.8329994678497,10640,38,6.272470235824585,1136.6606,46.4203,0.028178347,280,10640,65.81287128712871,30.274257425742576,0.04643564356435643,0.0703125
7.7120996,nan,280,False,10920,,39,default,5e3e12173757487bb8d5cace6d7067b1,2022-08-12_14-50-13,1660283413,72.61565661430359,3095.4486560821533,74872,jschang,210.221.116.119,3095.4486560821533,10920,39,6.272470235824585,1147.8237,46.74204,0.027985914,280,10920,66.04851485148515,30.304950495049507,0.04504950495049504,0.0703125
7.7120996,nan,280,False,11200,,40,default,5e3e12173757487bb8d5cace6d7067b1,2022-08-12_14-51-25,1660283485,72.60495615005493,3168.0536122322083,74872,jschang,210.221.116.119,3168.0536122322083,11200,40,6.272470235824585,1158.9403,52.707546,0.028119775,280,11200,65.6069306930693,30.195049504950493,0.04772277227722772,0.07032539191419142
7.7120996,nan,280,False,11480,,41,default,5e3e12173757487bb8d5cace6d7067b1,2022-08-12_14-52-33,1660283553,67.30157566070557,3235.355187892914,74872,jschang,210.221.116.119,3235.355187892914,11480,41,6.272470235824585,1169.9004,53.766285,0.02824435,280,11480,64.36702127659575,30.109574468085103,0.04712765957446808,0.0703125
7.7120996,nan,280,False,11760,,42,default,5e3e12173757487bb8d5cace6d7067b1,2022-08-12_14-53-40,1660283620,67.1800308227539,3302.5352187156677,74872,jschang,210.221.116.119,3302.5352187156677,11760,42,6.272470235824585,1180.7817,57.435,0.028458498,280,11760,64.4723404255319,30.198936170212757,0.04744680851063829,0.0703125
7.7120996,nan,280,False,12040,,43,default,5e3e12173757487bb8d5cace6d7067b1,2022-08-12_14-55-20,1660283720,100.62134051322937,3403.156559228897,74872,jschang,210.221.116.119,3403.156559228897,12040,43,6.272470235824585,1191.6521,46.070778,0.02807571,280,12040,71.83071428571428,30.580714285714286,0.04214285714285715,0.0703125
9.65264,1.0,280,False,12320,,44,default,5e3e12173757487bb8d5cace6d7067b1,2022-08-12_14-57-04,1660283824,103.82849192619324,3506.9850511550903,74872,jschang,210.221.116.119,3506.9850511550903,12320,44,6.272470235824585,1202.5061,42.820724,0.02757319,280,12320,69.90068965517243,30.566206896551726,0.04662068965517241,0.0703125
9.65264,nan,280,False,12600,,45,default,5e3e12173757487bb8d5cace6d7067b1,2022-08-12_14-58-31,1660283911,87.27396583557129,3594.2590169906616,74872,jschang,210.221.116.119,3594.2590169906616,12600,45,6.272470235824585,1213.2076,48.090874,0.02744334,280,12600,69.26776859504132,30.574380165289256,0.046611570247933894,0.0703125
11.235063,1.0,280,False,12880,,46,default,5e3e12173757487bb8d5cace6d7067b1,2022-08-12_15-00-01,1660284001,89.789799451828,3684.0488164424896,74872,jschang,210.221.116.119,3684.0488164424896,12880,46,6.272470235824585,1223.917,52.23435,0.027512299,280,12880,67.51360000000001,30.339199999999998,0.04368,0.0703125
11.235063,nan,280,False,13160,,47,default,5e3e12173757487bb8d5cace6d7067b1,2022-08-12_15-01-27,1660284087,85.27264213562012,3769.3214585781097,74872,jschang,210.221.116.119,3769.3214585781097,13160,47,6.272470235824585,1234.4869,40.172333,0.026954157,280,13160,68.82268907563025,30.25798319327731,0.04647058823529411,0.0703125
11.235063,nan,280,False,13440,,48,default,5e3e12173757487bb8d5cace6d7067b1,2022-08-12_15-02-52,1660284172,85.07679843902588,3854.3982570171356,74872,jschang,210.221.116.119,3854.3982570171356,13440,48,6.272470235824585,1244.9204,38.558846,0.026437163,280,13440,68.76806722689075,30.368067226890755,0.04588235294117646,0.0703125
11.235063,nan,280,False,13720,,49,default,5e3e12173757487bb8d5cace6d7067b1,2022-08-12_15-04-01,1660284241,69.00729298591614,3923.4055500030518,74872,jschang,210.221.116.119,3923.4055500030518,13720,49,6.272470235824585,1255.1356,47.823353,0.026417864,280,13720,64.93124999999999,30.224999999999998,0.04708333333333334,0.0703125
11.235063,nan,280,False,14000,,50,default,5e3e12173757487bb8d5cace6d7067b1,2022-08-12_15-05-09,1660284309,68.80236387252808,3992.20791387558,74872,jschang,210.221.116.119,3992.20791387558,14000,50,6.272470235824585,1265.2395,44.15819,0.026209982,280,14000,64.56875000000001,30.305208333333336,0.04614583333333334,0.0703125
11.235063,nan,280,False,14280,,51,default,5e3e12173757487bb8d5cace6d7067b1,2022-08-12_15-06-36,1660284396,86.80963110923767,4079.0175449848175,74872,jschang,210.221.116.119,4079.0175449848175,14280,51,6.272470235824585,1275.385,49.395325,0.026287908,280,14280,69.33884297520662,30.56280991735537,0.04214876033057851,0.0703125
11.235063,nan,280,False,14560,,52,default,5e3e12173757487bb8d5cace6d7067b1,2022-08-12_15-08-03,1660284483,87.1344838142395,4166.152028799057,74872,jschang,210.221.116.119,4166.152028799057,14560,52,6.272470235824585,1285.4711,48.343784,0.02627432,280,14560,69.34180327868853,30.43934426229508,0.04450819672131148,0.07032317281420765
11.235063,nan,280,False,14840,,53,default,5e3e12173757487bb8d5cace6d7067b1,2022-08-12_15-10-05,1660284605,121.49251437187195,4287.644543170929,74872,jschang,210.221.116.119,4287.644543170929,14840,53,6.272470235824585,1295.4017,46.778107,0.026127255,280,14840,74.38047337278105,30.624852071005918,0.03994082840236687,0.0703125
11.235063,nan,280,False,15120,,54,default,5e3e12173757487bb8d5cace6d7067b1,2022-08-12_15-12-06,1660284726,121.12656712532043,4408.771110296249,74872,jschang,210.221.116.119,4408.771110296249,15120,54,6.272470235824585,1305.1782,45.61105,0.025908953,280,15120,74.62603550295857,30.75917159763313,0.03710059171597633,0.0703125
11.235063,nan,280,False,15400,,55,default,5e3e12173757487bb8d5cace6d7067b1,2022-08-12_15-13-17,1660284797,71.07551383972168,4479.846624135971,74872,jschang,210.221.116.119,4479.846624135971,15400,55,6.272470235824585,1314.8966,51.987034,0.026091162,280,15400,65.15555555555557,30.271717171717167,0.04818181818181818,0.0703125
11.235063,nan,280,False,15680,,56,default,5e3e12173757487bb8d5cace6d7067b1,2022-08-12_15-14-28,1660284868,70.71341753005981,4550.560041666031,74872,jschang,210.221.116.119,4550.560041666031,15680,56,6.272470235824585,1324.4757,47.035522,0.025959812,280,15680,65.20808080808081,30.28080808080808,0.04626262626262626,0.0703125
10.834877,1.0,280,False,15960,,57,default,5e3e12173757487bb8d5cace6d7067b1,2022-08-12_15-16-06,1660284966,98.21697974205017,4648.777021408081,74872,jschang,210.221.116.119,4648.777021408081,15960,57,6.272470235824585,1333.9567,46.699844,0.025838729,280,15960,69.59562043795621,30.58686131386861,0.043795620437956206,0.0703125
10.834877,nan,280,False,16240,,58,default,5e3e12173757487bb8d5cace6d7067b1,2022-08-12_15-17-42,1660285062,95.51875185966492,4744.295773267746,74872,jschang,210.221.116.119,4744.295773267746,16240,58,6.272470235824585,1343.4233,41.621857,0.025484106,280,16240,71.2293233082707,30.584962406015038,0.03924812030075188,0.0703125
10.834877,nan,280,False,16520,,59,default,5e3e12173757487bb8d5cace6d7067b1,2022-08-12_15-18-51,1660285131,68.9634063243866,4813.259179592133,74872,jschang,210.221.116.119,4813.259179592133,16520,59,6.272470235824585,1352.7809,49.276123,0.025503473,280,16520,65.11340206185567,30.153608247422678,0.04453608247422681,0.0703259235395189
10.834877,nan,280,False,16800,,60,default,5e3e12173757487bb8d5cace6d7067b1,2022-08-12_15-19-59,1660285199,68.73810005187988,4881.997279644012,74872,jschang,210.221.116.119,4881.997279644012,16800,60,6.272470235824585,1362.0463,52.28323,0.025677525,280,16800,64.67052631578949,30.202105263157897,0.04315789473684209,0.0703125
12.533343,1.0,280,False,17080,,61,default,5e3e12173757487bb8d5cace6d7067b1,2022-08-12_15-21-54,1660285314,114.66777920722961,4996.665058851242,74872,jschang,210.221.116.119,4996.665058851242,17080,61,6.272470235824585,1371.3827,54.7346,0.02592696,280,17080,71.36625,30.79125,0.042374999999999996,0.0703125
12.533343,nan,280,False,17360,,62,default,5e3e12173757487bb8d5cace6d7067b1,2022-08-12_15-23-46,1660285426,112.37618637084961,5109.041245222092,74872,jschang,210.221.116.119,5109.041245222092,17360,62,6.272470235824585,1380.6866,42.722893,0.025512552,280,17360,72.96815286624204,30.83503184713376,0.042101910828025474,0.0703125
14.484268,1.0,280,False,17640,,63,default,5e3e12173757487bb8d5cace6d7067b1,2022-08-12_15-25-42,1660285542,115.81417393684387,5224.855419158936,74872,jschang,210.221.116.119,5224.855419158936,17640,63,6.272470235824585,1389.987,38.11767,0.024984276,280,17640,71.56604938271606,30.854938271604937,0.043271604938271604,0.0703125
14.484268,nan,280,False,17920,,64,default,5e3e12173757487bb8d5cace6d7067b1,2022-08-12_15-27-35,1660285655,112.66197156906128,5337.517390727997,74872,jschang,210.221.116.119,5337.517390727997,17920,64,6.272470235824585,1399.1335,44.501278,0.024849346,280,17920,73.16602564102564,30.83653846153846,0.042756410256410256,0.0703125
14.484268,nan,280,False,18200,,65,default,5e3e12173757487bb8d5cace6d7067b1,2022-08-12_15-28-57,1660285737,82.35508871078491,5419.872479438782,74872,jschang,210.221.116.119,5419.872479438782,18200,65,6.272470235824585,1408.1642,49.05333,0.024900457,280,18200,68.14347826086957,30.31739130434783,0.04391304347826086,0.0703125
13.721938,1.0,280,False,18480,,66,default,5e3e12173757487bb8d5cace6d7067b1,2022-08-12_15-30-22,1660285822,84.70606756210327,5504.578547000885,74872,jschang,210.221.116.119,5504.578547000885,18480,66,6.272470235824585,1417.0743,45.954105,0.02481195,280,18480,66.7906779661017,30.33220338983051,0.04449152542372881,0.07032353460451976
13.721938,nan,280,False,18760,,67,default,5e3e12173757487bb8d5cace6d7067b1,2022-08-12_15-31-27,1660285887,65.09977960586548,5569.6783266067505,74872,jschang,210.221.116.119,5569.6783266067505,18760,67,6.272470235824585,1425.9044,48.92521,0.024827663,280,18760,62.918681318681315,30.236263736263737,0.04527472527472528,0.0703125
13.035841,1.0,280,False,19040,,68,default,5e3e12173757487bb8d5cace6d7067b1,2022-08-12_15-32-34,1660285954,67.16130566596985,5636.83963227272,74872,jschang,210.221.116.119,5636.83963227272,19040,68,6.272470235824585,1434.6359,44.02715,0.024634575,280,19040,61.491489361702136,30.33404255319149,0.0448936170212766,0.0703125
13.035841,nan,280,False,19320,,69,default,5e3e12173757487bb8d5cace6d7067b1,2022-08-12_15-34-30,1660286070,116.17970180511475,5753.019334077835,74872,jschang,210.221.116.119,5753.019334077835,19320,69,6.272470235824585,1443.4149,46.256863,0.024565427,280,19320,73.13518518518518,30.935185185185187,0.04524691358024691,0.0703125
13.733718,1.0,280,False,19600,,70,default,5e3e12173757487bb8d5cace6d7067b1,2022-08-12_15-36-29,1660286189,118.54774713516235,5871.567081212997,74872,jschang,210.221.116.119,5871.567081212997,19600,70,6.272470235824585,1452.1263,46.75836,0.024514986,280,19600,71.6860606060606,30.79333333333333,0.04424242424242424,0.0703125
13.733718,nan,280,False,19880,,71,default,5e3e12173757487bb8d5cace6d7067b1,2022-08-12_15-37-50,1660286270,80.61059880256653,5952.177680015564,74872,jschang,210.221.116.119,5952.177680015564,19880,71,6.272470235824585,1460.7556,54.000263,0.024766533,280,19880,68.06339285714286,30.291071428571424,0.042232142857142864,0.0703125
14.3994055,1.0,280,False,20160,,72,default,5e3e12173757487bb8d5cace6d7067b1,2022-08-12_15-39-12,1660286352,82.42684864997864,6034.604528665543,74872,jschang,210.221.116.119,6034.604528665543,20160,72,6.272470235824585,1469.2908,49.96066,0.02479477,280,20160,66.70695652173913,30.30260869565218,0.04147826086956522,0.0703125
14.093803,1.0,280,False,20440,,73,default,5e3e12173757487bb8d5cace6d7067b1,2022-08-12_15-40-24,1660286424,71.48499512672424,6106.089523792267,74872,jschang,210.221.116.119,6106.089523792267,20440,73,6.272470235824585,1477.8206,43.351448,0.024455007,280,20440,60.971,30.160999999999998,0.044000000000000004,0.0703125
14.093803,nan,280,False,20720,,74,default,5e3e12173757487bb8d5cace6d7067b1,2022-08-12_15-41-30,1660286490,66.70490860939026,6172.794432401657,74872,jschang,210.221.116.119,6172.794432401657,20720,74,6.272470235824585,1486.3644,44.895794,0.024276981,280,20720,63.88709677419355,30.278494623655916,0.049892473118279566,0.0703125
14.093803,nan,280,False,21000,,75,default,5e3e12173757487bb8d5cace6d7067b1,2022-08-12_15-42-35,1660286555,65.02866053581238,6237.8230929374695,74872,jschang,210.221.116.119,6237.8230929374695,21000,75,6.272470235824585,1494.6996,36.051994,0.023682615,280,21000,63.5076923076923,30.35054945054945,0.04527472527472528,0.0703125
14.093803,nan,280,False,21280,,76,default,5e3e12173757487bb8d5cace6d7067b1,2022-08-12_15-43-40,1660286620,64.84431982040405,6302.6674127578735,74872,jschang,210.221.116.119,6302.6674127578735,21280,76,6.272470235824585,1502.7915,38.231583,0.023338944,280,21280,63.32333333333333,30.221111111111114,0.04511111111111111,0.0703125
19.93743,1.0,280,False,21560,,77,default,5e3e12173757487bb8d5cace6d7067b1,2022-08-12_15-45-18,1660286718,97.44550275802612,6400.1129155159,74872,jschang,210.221.116.119,6400.1129155159,21560,77,6.272470235824585,1510.8096,50.79123,0.023662608,280,21560,68.61397058823529,30.42941176470588,0.04161764705882353,0.0703125
19.93743,nan,280,False,21840,,78,default,5e3e12173757487bb8d5cace6d7067b1,2022-08-12_15-46-52,1660286812,94.82534956932068,6494.93826508522,74872,jschang,210.221.116.119,6494.93826508522,21840,78,6.272470235824585,1518.6334,52.34466,0.023957325,280,21840,70.59318181818182,30.54090909090909,0.04431818181818181,0.0703125
20.021872,1.0,280,False,22120,,79,default,5e3e12173757487bb8d5cace6d7067b1,2022-08-12_15-48-08,1660286888,75.44920516014099,6570.387470245361,74872,jschang,210.221.116.119,6570.387470245361,22120,79,6.272470235824585,1526.3722,56.300137,0.02435293,280,22120,62.32380952380952,30.27619047619048,0.043428571428571434,0.0703125
20.021872,nan,280,False,22400,,80,default,5e3e12173757487bb8d5cace6d7067b1,2022-08-12_15-49-19,1660286959,71.6166684627533,6642.004138708115,74872,jschang,210.221.116.119,6642.004138708115,22400,80,6.272470235824585,1534.1605,55.089294,0.02456694,280,22400,65.93700000000001,30.39,0.044700000000000004,0.0703125
20.021872,nan,280,False,22680,,81,default,5e3e12173757487bb8d5cace6d7067b1,2022-08-12_15-50-31,1660287031,71.8668897151947,6713.871028423309,74872,jschang,210.221.116.119,6713.871028423309,22680,81,6.272470235824585,1541.9531,47.879284,0.024431963,280,22680,65.541,30.503999999999998,0.0481,0.0703125
20.021872,nan,280,False,22960,,82,default,5e3e12173757487bb8d5cace6d7067b1,2022-08-12_15-51-43,1660287103,72.04749751091003,6785.918525934219,74872,jschang,210.221.116.119,6785.918525934219,22960,82,6.272470235824585,1549.6475,51.18075,0.024448348,280,22960,65.87623762376238,30.226732673267325,0.04633663366336632,0.0703125
21.219143,1.0,280,False,23240,,83,default,5e3e12173757487bb8d5cace6d7067b1,2022-08-12_15-53-08,1660287188,84.42377734184265,6870.342303276062,74872,jschang,210.221.116.119,6870.342303276062,23240,83,6.272470235824585,1557.4188,47.275215,0.024321511,280,23240,67.0905982905983,30.320512820512825,0.0394017094017094,0.0703125
21.219143,nan,280,False,23520,,84,default,5e3e12173757487bb8d5cace6d7067b1,2022-08-12_15-54-30,1660287270,82.16104435920715,6952.503347635269,74872,jschang,210.221.116.119,6952.503347635269,23520,84,6.272470235824585,1565.1571,46.75917,0.024194496,280,23520,68.59739130434782,30.377391304347825,0.04165217391304348,0.0703125
21.219143,nan,280,False,23800,,85,default,5e3e12173757487bb8d5cace6d7067b1,2022-08-12_15-55-48,1660287348,78.31353712081909,7030.816884756088,74872,jschang,210.221.116.119,7030.816884756088,23800,85,6.272470235824585,1572.8427,41.011112,0.02374299,280,23800,67.11009174311927,30.416513761467886,0.04440366972477064,0.0703125
21.314034,1.0,280,False,24080,,86,default,5e3e12173757487bb8d5cace6d7067b1,2022-08-12_15-57-08,1660287428,79.85208344459534,7110.668968200684,74872,jschang,210.221.116.119,7110.668968200684,24080,86,6.272470235824585,1580.523,42.8895,0.02349089,280,24080,66.13214285714285,30.3875,0.04366071428571429,0.0703125
21.314034,nan,280,False,24360,,87,default,5e3e12173757487bb8d5cace6d7067b1,2022-08-12_15-58-15,1660287495,66.60936403274536,7177.278332233429,74872,jschang,210.221.116.119,7177.278332233429,24360,87,6.272470235824585,1588.2166,55.60079,0.02381178,280,24360,63.93763440860215,30.398924731182795,0.050107526881720425,0.07032650089605735
20.773754,1.0,280,False,24640,,88,default,5e3e12173757487bb8d5cace6d7067b1,2022-08-12_15-59-24,1660287564,69.27974724769592,7246.558079481125,74872,jschang,210.221.116.119,7246.558079481125,24640,88,6.272470235824585,1595.8607,49.8472,0.023826273,280,24640,62.84166666666667,30.238541666666666,0.043125000000000004,0.0703125
20.773754,nan,280,False,24920,,89,default,5e3e12173757487bb8d5cace6d7067b1,2022-08-12_16-00-28,1660287628,63.4989869594574,7310.057066440582,74872,jschang,210.221.116.119,7310.057066440582,24920,89,6.272470235824585,1603.4164,37.605305,0.023252048,280,24920,62.550561797752806,30.208988764044946,0.046067415730337076,0.07032713014981273
20.057417,1.0,280,False,25200,,90,default,5e3e12173757487bb8d5cace6d7067b1,2022-08-12_16-01-33,1660287693,65.42177891731262,7375.478845357895,74872,jschang,210.221.116.119,7375.478845357895,25200,90,6.272470235824585,1610.8661,44.94779,0.02314211,280,25200,61.080219780219785,30.23406593406593,0.04626373626373626,0.0703125
19.388836,1.0,280,False,25480,,91,default,5e3e12173757487bb8d5cace6d7067b1,2022-08-12_16-02-45,1660287765,71.66851377487183,7447.147359132767,74872,jschang,210.221.116.119,7447.147359132767,25480,91,6.272470235824585,1618.2178,44.322784,0.023028214,280,25480,62.808,30.363999999999997,0.04510000000000001,0.0703125
19.388836,nan,280,False,25760,,92,default,5e3e12173757487bb8d5cace6d7067b1,2022-08-12_16-03-54,1660287834,69.35887575149536,7516.506234884262,74872,jschang,210.221.116.119,7516.506234884262,25760,92,6.272470235824585,1625.5134,46.372902,0.023031872,280,25760,64.38659793814433,30.510309278350515,0.046288659793814434,0.0703125
19.388836,nan,280,False,26040,,93,default,5e3e12173757487bb8d5cace6d7067b1,2022-08-12_16-05-48,1660287948,114.20325064659119,7630.709485530853,74872,jschang,210.221.116.119,7630.709485530853,26040,93,6.272470235824585,1632.7465,47.661854,0.023084408,280,26040,73.34025157232703,30.81069182389937,0.042075471698113195,0.0703125
16.465399,1.0,280,False,26320,,94,default,5e3e12173757487bb8d5cace6d7067b1,2022-08-12_16-07-49,1660288069,120.93895053863525,7751.6484360694885,74872,jschang,210.221.116.119,7751.6484360694885,26320,94,6.272470235824585,1639.8994,46.58134,0.02302617,280,26320,70.34556213017751,30.640236686390526,0.040650887573964505,0.0703125
15.950855,1.0,280,False,26600,,95,default,5e3e12173757487bb8d5cace6d7067b1,2022-08-12_16-09-07,1660288147,77.91349196434021,7829.561928033829,74872,jschang,210.221.116.119,7829.561928033829,26600,95,6.272470235824585,1646.881,50.15872,0.02312087,280,26600,65.22293577981651,30.221100917431198,0.044862385321100914,0.0703125
16.385923,1.0,280,False,26880,,96,default,5e3e12173757487bb8d5cace6d7067b1,2022-08-12_16-10-25,1660288225,77.81253457069397,7907.374462604523,74872,jschang,210.221.116.119,7907.374462604523,26880,96,6.272470235824585,1653.8313,55.22786,0.023414968,280,26880,65.25555555555555,30.26944444444445,0.04268518518518517,0.0703125
16.385923,nan,280,False,27160,,97,default,5e3e12173757487bb8d5cace6d7067b1,2022-08-12_16-11-40,1660288300,75.07683181762695,7982.45129442215,74872,jschang,210.221.116.119,7982.45129442215,27160,97,6.272470235824585,1661.0402,52.492367,0.023564655,280,27160,66.64571428571428,30.403809523809525,0.04647619047619048,0.0703125
16.385923,nan,280,False,27440,,98,default,5e3e12173757487bb8d5cace6d7067b1,2022-08-12_16-12-55,1660288375,75.27470254898071,8057.72599697113,74872,jschang,210.221.116.119,8057.72599697113,27440,98,6.272470235824585,1668.2446,51.02106,0.02354269,280,27440,66.78,30.420952380952375,0.045142857142857144,0.0703125
16.385923,nan,280,False,27720,,99,default,5e3e12173757487bb8d5cace6d7067b1,2022-08-12_16-14-08,1660288448,72.52933073043823,8130.255327701569,74872,jschang,210.221.116.119,8130.255327701569,27720,99,6.272470235824585,1675.5397,48.963753,0.023458995,280,27720,65.7940594059406,30.407920792079207,0.04613861386138613,0.0703125
16.385923,nan,280,False,28000,,100,default,5e3e12173757487bb8d5cace6d7067b1,2022-08-12_16-15-21,1660288521,72.75539016723633,8203.010717868805,74872,jschang,210.221.116.119,8203.010717868805,28000,100,6.272470235824585,1682.7095,48.21486,0.023376994,280,28000,66.04117647058824,30.26764705882353,0.04490196078431372,0.0703125
16.385923,nan,280,False,28280,,101,default,5e3e12173757487bb8d5cace6d7067b1,2022-08-12_16-16-37,1660288597,76.1528754234314,8279.163593292236,74872,jschang,210.221.116.119,8279.163593292236,28280,101,6.272470235824585,1689.7859,51.27048,0.023416145,280,28280,67.04716981132076,30.266037735849054,0.0410377358490566,0.0703125
16.385923,nan,280,False,28560,,102,default,5e3e12173757487bb8d5cace6d7067b1,2022-08-12_16-17-53,1660288673,76.40548658370972,8355.569079875946,74872,jschang,210.221.116.119,8355.569079875946,28560,102,6.272470235824585,1696.8805,54.15083,0.023520326,280,28560,67.18301886792453,30.317924528301894,0.045943396226415086,0.0703125
16.385923,nan,280,False,28840,,103,default,5e3e12173757487bb8d5cace6d7067b1,2022-08-12_16-19-26,1660288766,92.28985357284546,8447.858933448792,74872,jschang,210.221.116.119,8447.858933448792,28840,103,6.272470235824585,1704.157,48.66721,0.023390653,280,28840,70.52248062015504,30.537209302325582,0.0427906976744186,0.0703125
16.385923,nan,280,False,29120,,104,default,5e3e12173757487bb8d5cace6d7067b1,2022-08-12_16-21-00,1660288860,94.1440646648407,8542.002998113632,74872,jschang,210.221.116.119,8542.002998113632,29120,104,6.272470235824585,1711.4227,47.195747,0.023186702,280,29120,72.08167938931298,30.581679389312978,0.12358778625954196,0.08165478888358779
16.385923,nan,280,False,29400,,105,default,5e3e12173757487bb8d5cace6d7067b1,2022-08-12_16-22-36,1660288956,96.79807591438293,8638.801074028015,74872,jschang,210.221.116.119,8638.801074028015,29400,105,6.272470235824585,1718.8082,53.311455,0.023312403,280,29400,71.83925925925925,30.74740740740741,0.07562962962962963,0.0806520061728395
16.385923,nan,280,False,29680,,106,default,5e3e12173757487bb8d5cace6d7067b1,2022-08-12_16-24-13,1660289053,96.26802158355713,8735.069095611572,74872,jschang,210.221.116.119,8735.069095611572,29680,106,6.272470235824585,1726.269,44.641953,0.023011118,280,29680,71.48731343283583,30.66194029850746,0.037761194029850745,0.07883070001554726
16.385923,nan,280,False,29960,,107,default,5e3e12173757487bb8d5cace6d7067b1,2022-08-12_16-25-41,1660289141,88.04695534706116,8823.116050958633,74872,jschang,210.221.116.119,8823.116050958633,29960,107,6.272470235824585,1733.6263,52.344738,0.02308489,280,29960,69.4739837398374,30.492682926829268,0.04317073170731707,0.07796223958333334
16.385923,nan,280,False,30240,,108,default,5e3e12173757487bb8d5cace6d7067b1,2022-08-12_16-27-09,1660289229,88.25843453407288,8911.374485492706,74872,jschang,210.221.116.119,8911.374485492706,30240,108,6.272470235824585,1741.0334,51.866142,0.02314046,280,30240,69.60650406504065,30.54308943089431,0.042357723577235766,0.07796223958333334
16.385923,nan,280,False,30520,,109,default,5e3e12173757487bb8d5cace6d7067b1,2022-08-12_16-28-24,1660289304,75.35527634620667,8986.729761838913,74872,jschang,210.221.116.119,8986.729761838913,30520,109,6.272470235824585,1748.684,53.29567,0.023192765,280,30520,66.56857142857143,30.473333333333336,0.047904761904761915,0.07796223958333336
16.385923,nan,280,False,30800,,110,default,5e3e12173757487bb8d5cace6d7067b1,2022-08-12_16-29-40,1660289380,75.58908820152283,9062.318850040436,74872,jschang,210.221.116.119,9062.318850040436,30800,110,6.272470235824585,1756.2998,48.97011,0.023050988,280,30800,66.64857142857143,30.447619047619046,0.043428571428571434,0.07796223958333336
16.385923,nan,280,False,31080,,111,default,5e3e12173757487bb8d5cace6d7067b1,2022-08-12_16-30-50,1660289450,70.33688759803772,9132.655737638474,74872,jschang,210.221.116.119,9132.655737638474,31080,111,6.272470235824585,1763.8037,52.31412,0.02307695,280,31080,65.36122448979593,30.48775510204082,0.04561224489795919,0.07706705729166667
16.678146,1.0,280,False,31360,,112,default,5e3e12173757487bb8d5cace6d7067b1,2022-08-12_16-32-05,1660289525,74.74296402931213,9207.398701667786,74872,jschang,210.221.116.119,9207.398701667786,31360,112,6.272470235824585,1771.3236,47.954617,0.022903286,280,31360,62.486538461538466,30.474999999999998,0.04355769230769231,0.06998697916666666
16.678146,nan,280,False,31640,,113,default,5e3e12173757487bb8d5cace6d7067b1,2022-08-12_16-33-15,1660289595,69.79803609848022,9277.196737766266,74872,jschang,210.221.116.119,9277.196737766266,31640,113,6.272470235824585,1778.9108,49.04747,0.022765728,280,31640,64.78163265306122,30.364285714285714,0.0423469387755102,0.06998697916666666
16.678146,nan,280,False,31920,,114,default,5e3e12173757487bb8d5cace6d7067b1,2022-08-12_16-34-25,1660289665,69.76982522010803,9346.966562986374,74872,jschang,210.221.116.119,9346.966562986374,31920,114,6.272470235824585,1786.4464,49.06744,0.022686353,280,31920,65.12680412371134,30.41855670103093,0.04463917525773196,0.06998697916666666
16.678146,nan,280,False,32200,,115,default,5e3e12173757487bb8d5cace6d7067b1,2022-08-12_16-35-33,1660289733,68.39579725265503,9415.362360239029,74872,jschang,210.221.116.119,9415.362360239029,32200,115,6.272470235824585,1793.901,47.111515,0.022529142,280,32200,64.52631578947368,30.478947368421053,0.042,0.06998697916666669
17.31634,1.0,280,False,32480,,116,default,5e3e12173757487bb8d5cace6d7067b1,2022-08-12_16-36-43,1660289803,70.31481719017029,9485.6771774292,74872,jschang,210.221.116.119,9485.6771774292,32480,116,6.272470235824585,1801.2003,49.54817,0.022472814,280,32480,63.121212121212125,30.471717171717174,0.04373737373737373,0.06998697916666667
17.31634,nan,280,False,32760,,117,default,5e3e12173757487bb8d5cace6d7067b1,2022-08-12_16-38-58,1660289938,134.14154148101807,9619.818718910217,74872,jschang,210.221.116.119,9619.818718910217,32760,117,6.272470235824585,1808.3158,46.172745,0.022287969,280,32760,75.44301075268817,31.46129032258064,0.038978494623655914,0.06998697916666667
17.31634,nan,280,False,33040,,118,default,5e3e12173757487bb8d5cace6d7067b1,2022-08-12_16-41-12,1660290072,134.60499119758606,9754.423710107803,74872,jschang,210.221.116.119,9754.423710107803,33040,118,6.272470235824585,1815.2644,57.40419,0.022603272,280,33040,75.77287234042554,31.278191489361703,0.05696808510638298,0.08023569093528368
17.31634,nan,280,False,33320,,119,default,5e3e12173757487bb8d5cace6d7067b1,2022-08-12_16-42-21,1660290141,69.05030798912048,9823.474018096924,74872,jschang,210.221.116.119,9823.474018096924,33320,119,6.272470235824585,1822.0251,50.11447,0.022500945,280,33320,64.65625,30.222916666666674,0.04729166666666667,0.08024088541666666
17.31634,nan,280,False,33600,,120,default,5e3e12173757487bb8d5cace6d7067b1,2022-08-12_16-43-30,1660290210,68.5455174446106,9892.019535541534,74872,jschang,210.221.116.119,9892.019535541534,33600,120,6.272470235824585,1828.6974,39.621723,0.022016184,280,33600,64.78854166666666,30.27916666666667,0.0434375,0.08024088541666666
17.31634,nan,280,False,33880,,121,default,5e3e12173757487bb8d5cace6d7067b1,2022-08-12_16-45-00,1660290300,89.73574113845825,9981.755276679993,74872,jschang,210.221.116.119,9981.755276679993,33880,121,6.272470235824585,1835.4246,45.45622,0.021876907,280,33880,69.8248,30.519999999999996,0.04304,0.08024088541666664
17.31634,nan,280,False,34160,,122,default,5e3e12173757487bb8d5cace6d7067b1,2022-08-12_16-46-29,1660290389,89.82681655883789,10071.58209323883,74872,jschang,210.221.116.119,10071.58209323883,34160,122,6.272470235824585,1842.1302,49.038074,0.021918256,280,34160,69.6272,30.5712,0.0428,0.0749192708333333
17.31634,nan,280,False,34440,,123,default,5e3e12173757487bb8d5cace6d7067b1,2022-08-12_16-47-51,1660290471,81.54707455635071,10153.129167795181,74872,jschang,210.221.116.119,10153.129167795181,34440,123,6.272470235824585,1848.8312,41.03063,0.02160558,280,34440,68.10877192982457,30.731578947368423,0.04491228070175439,0.06999840095029239
18.67036,1.0,280,False,34720,,124,default,5e3e12173757487bb8d5cace6d7067b1,2022-08-12_16-49-17,1660290557,85.85841941833496,10238.987587213516,74872,jschang,210.221.116.119,10238.987587213516,34720,124,6.272470235824585,1855.2467,45.354496,0.02150119,280,34720,68.08823529411765,30.807563025210083,0.13655462184873954,0.07834383753501399
18.67036,nan,280,False,35000,,125,default,5e3e12173757487bb8d5cace6d7067b1,2022-08-12_16-50-23,1660290623,66.07298612594604,10305.060573339462,74872,jschang,210.221.116.119,10305.060573339462,35000,125,6.272470235824585,1861.4095,57.192078,0.021919113,280,35000,64.29673913043479,30.49891304347826,0.050217391304347825,0.07771632982336958
18.67036,nan,280,False,35280,,126,default,5e3e12173757487bb8d5cace6d7067b1,2022-08-12_16-51-29,1660290689,66.31393814086914,10371.374511480331,74872,jschang,210.221.116.119,10371.374511480331,35280,126,6.272470235824585,1867.5099,55.228653,0.022140495,280,35280,64.57741935483871,30.507526881720427,0.09215053763440859,0.07768922211021508
18.67036,nan,280,False,35560,,127,default,5e3e12173757487bb8d5cace6d7067b1,2022-08-12_16-52-57,1660290777,88.12000155448914,10459.49451303482,74872,jschang,210.221.116.119,10459.49451303482,35560,127,6.272470235824585,1873.6392,52.262074,0.022213588,280,35560,69.69918699186994,30.600000000000005,0.05975609756097561,0.08592426744579947
18.67036,nan,280,False,35840,,128,default,5e3e12173757487bb8d5cace6d7067b1,2022-08-12_16-54-26,1660290866,88.30390501022339,10547.798418045044,74872,jschang,210.221.116.119,10547.798418045044,35840,128,6.272470235824585,1879.8712,47.485527,0.022058617,280,35840,69.630081300813,30.535772357723577,0.042845528455284554,0.08531821646341463
18.67036,nan,280,False,36120,,129,default,5e3e12173757487bb8d5cace6d7067b1,2022-08-12_16-55-58,1660290958,92.16668105125427,10639.965099096298,74872,jschang,210.221.116.119,10639.965099096298,36120,129,6.272470235824585,1886.0367,51.72701,0.022111367,280,36120,70.225,30.577343749999997,0.04492187500000001,0.083984375
19.395657,1.0,280,False,36400,,130,default,5e3e12173757487bb8d5cace6d7067b1,2022-08-12_16-57-33,1660291053,94.74975538253784,10734.714854478836,74872,jschang,210.221.116.119,10734.714854478836,36400,130,6.272470235824585,1892.1477,53.884586,0.022215324,280,36400,68.93030303030302,30.652272727272727,0.04363636363636363,0.08399423926767675
19.395657,nan,280,False,36680,,131,default,5e3e12173757487bb8d5cace6d7067b1,2022-08-12_16-58-47,1660291127,74.14040923118591,10808.855263710022,74872,jschang,210.221.116.119,10808.855263710022,36680,131,6.272470235824585,1898.3988,45.217747,0.02196732,280,36680,66.1548076923077,30.424038461538466,0.04192307692307694,0.083984375
18.701153,1.0,280,False,36960,,132,default,5e3e12173757487bb8d5cace6d7067b1,2022-08-12_17-00-06,1660291206,78.91400098800659,10887.769264698029,74872,jschang,210.221.116.119,10887.769264698029,36960,132,6.272470235824585,1904.7421,46.13149,0.021760803,280,36960,62.85727272727273,30.290000000000006,0.04445454545454546,0.083984375
18.701153,nan,280,False,37240,,133,default,5e3e12173757487bb8d5cace6d7067b1,2022-08-12_17-01-13,1660291273,67.76649594306946,10955.535760641098,74872,jschang,210.221.116.119,10955.535760641098,37240,133,6.272470235824585,1911.0267,49.623005,0.021741781,280,37240,64.47553191489361,30.38297872340425,0.04319148936170211,0.07722116023936171
18.701153,nan,280,False,37520,,134,default,5e3e12173757487bb8d5cace6d7067b1,2022-08-12_17-02-21,1660291341,67.5632472038269,11023.099007844925,74872,jschang,210.221.116.119,11023.099007844925,37520,134,6.272470235824585,1917.2529,43.336292,0.02147565,280,37520,64.62021276595745,30.641489361702124,0.045106382978723394,0.06884765625
18.701153,nan,280,False,37800,,135,default,5e3e12173757487bb8d5cace6d7067b1,2022-08-12_17-03-42,1660291422,81.04544568061829,11104.144453525543,74872,jschang,210.221.116.119,11104.144453525543,37800,135,6.272470235824585,1923.2715,37.919575,0.021057718,280,37800,68.28407079646017,30.832743362831863,0.04451327433628319,0.06884765625
18.701153,nan,280,False,38080,,136,default,5e3e12173757487bb8d5cace6d7067b1,2022-08-12_17-05-03,1660291503,81.00209474563599,11185.14654827118,74872,jschang,210.221.116.119,11185.14654827118,38080,136,6.272470235824585,1929.0293,36.56898,0.020639418,280,38080,67.89557522123894,30.838938053097344,0.043274336283185846,0.06884765625
18.701153,nan,280,False,38360,,137,default,5e3e12173757487bb8d5cace6d7067b1,2022-08-12_17-06-35,1660291595,92.0281982421875,11277.174746513367,74872,jschang,210.221.116.119,11277.174746513367,38360,137,6.272470235824585,1934.5166,43.912422,0.020567061,280,38360,70.51162790697674,30.898449612403102,0.043178294573643416,0.06884765625
18.701153,nan,280,False,38640,,138,default,5e3e12173757487bb8d5cace6d7067b1,2022-08-12_17-08-07,1660291687,92.0840437412262,11369.258790254593,74872,jschang,210.221.116.119,11369.258790254593,38640,138,6.272470235824585,1939.7675,54.709618,0.020970514,280,38640,70.628125,30.692187500000003,0.041796875000000004,0.06885782877604166
18.701153,nan,280,False,38920,,139,default,5e3e12173757487bb8d5cace6d7067b1,2022-08-12_17-10-10,1660291810,123.16556096076965,11492.424351215363,74872,jschang,210.221.116.119,11492.424351215363,38920,139,6.272470235824585,1944.9562,44.767536,0.020880064,280,38920,74.5063953488372,31.090697674418607,0.04168604651162791,0.06884765625
18.221636,1.0,280,False,39200,,140,default,5e3e12173757487bb8d5cace6d7067b1,2022-08-12_17-12-17,1660291937,127.15493297576904,11619.579284191132,74872,jschang,210.221.116.119,11619.579284191132,39200,140,6.272470235824585,1949.9644,50.720047,0.021057319,280,39200,72.6502824858757,31.161016949152543,0.041073446327683616,0.06884765625
18.221636,nan,280,False,39480,,141,default,5e3e12173757487bb8d5cace6d7067b1,2022-08-12_17-13-25,1660292005,67.80291962623596,11687.382203817368,74872,jschang,210.221.116.119,11687.382203817368,39480,141,6.272470235824585,1954.8834,46.734894,0.021023775,280,39480,64.31684210526316,30.671578947368413,0.04294736842105262,0.06884765625
17.766096,1.0,280,False,39760,,142,default,5e3e12173757487bb8d5cace6d7067b1,2022-08-12_17-14-35,1660292075,69.2598717212677,11756.642075538635,74872,jschang,210.221.116.119,11756.642075538635,39760,142,6.272470235824585,1959.8024,42.755753,0.020861007,280,39760,62.62291666666667,30.71666666666667,0.044791666666666674,0.06884765625
17.766096,nan,280,False,40040,,143,default,5e3e12173757487bb8d5cace6d7067b1,2022-08-12_17-15-43,1660292143,68.28926873207092,11824.931344270706,74872,jschang,210.221.116.119,11824.931344270706,40040,143,6.272470235824585,1964.8047,61.297462,0.021454562,280,40040,64.90416666666668,30.757291666666664,0.04395833333333334,0.06886121961805555
17.332777,1.0,280,False,40320,,144,default,5e3e12173757487bb8d5cace6d7067b1,2022-08-12_17-16-53,1660292213,70.30965685844421,11895.24100112915,74872,jschang,210.221.116.119,11895.24100112915,40320,144,6.272470235824585,1969.893,52.217804,0.021533191,280,40320,62.8,30.51530612244898,0.04408163265306122,0.06884765625
16.920092,1.0,280,False,40600,,145,default,5e3e12173757487bb8d5cace6d7067b1,2022-08-12_17-18-07,1660292287,73.78457808494568,11969.025579214096,74872,jschang,210.221.116.119,11969.025579214096,40600,145,6.272470235824585,1974.9861,37.22306,0.021003759,280,40600,63.727184466019416,30.502912621359226,0.04728155339805824,0.06884765625
16.920092,nan,280,False,40880,,146,default,5e3e12173757487bb8d5cace6d7067b1,2022-08-12_17-19-19,1660292359,71.97971391677856,12041.005293130875,74872,jschang,210.221.116.119,12041.005293130875,40880,146,6.272470235824585,1979.9586,51.95065,0.021155022,280,40880,65.95,30.549999999999997,0.0435,0.06884765625
16.526602,1.0,280,False,41160,,147,default,5e3e12173757487bb8d5cace6d7067b1,2022-08-12_17-20-39,1660292439,79.65787243843079,12120.663165569305,74872,jschang,210.221.116.119,12120.663165569305,41160,147,6.272470235824585,1985.0725,36.38573,0.020621547,280,41160,65.36126126126126,30.699999999999996,0.04693693693693692,0.06884765625
16.526602,nan,280,False,41440,,148,default,5e3e12173757487bb8d5cace6d7067b1,2022-08-12_17-21-56,1660292516,77.16326522827148,12197.826430797577,74872,jschang,210.221.116.119,12197.826430797577,41440,148,6.272470235824585,1989.9764,29.519888,0.019915288,280,41440,66.85833333333333,30.715740740740745,0.04583333333333333,0.06884765625
16.877235,1.0,280,False,41720,,149,default,5e3e12173757487bb8d5cace6d7067b1,2022-08-12_17-23-32,1660292612,95.75293564796448,12293.579366445541,74872,jschang,210.221.116.119,12293.579366445541,41720,149,6.272470235824585,1994.6843,43.338184,0.019905236,280,41720,69.00300751879699,30.887218045112782,0.051954887218045115,0.06888192160087721
16.877235,nan,280,False,42000,,150,default,5e3e12173757487bb8d5cace6d7067b1,2022-08-12_17-25-06,1660292706,94.14444231987,12387.723808765411,74872,jschang,210.221.116.119,12387.723808765411,42000,150,6.272470235824585,1999.187,46.299065,0.020027172,280,42000,70.67251908396945,30.784732824427483,0.04435114503816794,0.06884765625
16.502186,1.0,280,False,42280,,151,default,5e3e12173757487bb8d5cace6d7067b1,2022-08-12_17-26-28,1660292788,82.29487538337708,12470.018684148788,74872,jschang,210.221.116.119,12470.018684148788,42280,151,6.272470235824585,2003.6611,55.767544,0.020533668,280,42280,66.71565217391304,30.48086956521739,0.0665217391304348,0.07730695199275366
16.143444,1.0,280,False,42560,,152,default,5e3e12173757487bb8d5cace6d7067b1,2022-08-12_17-27-50,1660292870,82.3358507156372,12552.354534864426,74872,jschang,210.221.116.119,12552.354534864426,42560,152,6.272470235824585,2008.1553,49.96591,0.020708662,280,42560,65.95391304347827,30.59826086956522,0.043913043478260874,0.07600911458333336
16.143444,nan,280,False,42840,,153,default,5e3e12173757487bb8d5cace6d7067b1,2022-08-12_17-28-55,1660292935,65.09145140647888,12617.445986270905,74872,jschang,210.221.116.119,12617.445986270905,42840,153,6.272470235824585,2012.7504,47.67608,0.020705977,280,42840,63.485555555555564,30.457777777777775,0.045888888888888875,0.076025390625
16.143444,nan,280,False,43120,,154,default,5e3e12173757487bb8d5cace6d7067b1,2022-08-12_17-30-00,1660293000,64.83453226089478,12682.2805185318,74872,jschang,210.221.116.119,12682.2805185318,43120,154,6.272470235824585,2017.439,52.102524,0.02089021,280,43120,63.54945054945054,30.40989010989011,0.04494505494505494,0.076171875
16.143444,nan,280,False,43400,,155,default,5e3e12173757487bb8d5cace6d7067b1,2022-08-12_17-31-10,1660293070,69.92165112495422,12752.202169656754,74872,jschang,210.221.116.119,12752.202169656754,43400,155,6.272470235824585,2022.0627,42.418148,0.02068804,280,43400,64.94639175257733,30.54742268041237,0.046185567010309285,0.07300559761597938
16.143444,nan,280,False,43680,,156,default,5e3e12173757487bb8d5cace6d7067b1,2022-08-12_17-32-20,1660293140,69.9337465763092,12822.135916233063,74872,jschang,210.221.116.119,12822.135916233063,43680,156,6.272470235824585,2026.6262,47.716133,0.020737978,280,43680,65.23265306122448,30.541836734693874,0.043061224489795914,0.06787109375
16.177711,1.0,280,False,43960,,157,default,5e3e12173757487bb8d5cace6d7067b1,2022-08-12_17-33-48,1660293228,87.78421092033386,12909.920127153397,74872,jschang,210.221.116.119,12909.920127153397,43960,157,6.272470235824585,2031.1926,52.241566,0.020907784,280,43960,67.12520325203253,30.663414634146346,0.04195121951219512,0.06787109375
16.210554,1.0,280,False,44240,,158,default,5e3e12173757487bb8d5cace6d7067b1,2022-08-12_17-35-16,1660293316,88.17634654045105,12998.096473693848,74872,jschang,210.221.116.119,12998.096473693848,44240,158,6.272470235824585,2035.7134,56.609554,0.021215156,280,44240,67.35934959349593,30.579674796747966,0.041544715447154476,0.06787109375
16.210554,nan,280,False,44520,,159,default,5e3e12173757487bb8d5cace6d7067b1,2022-08-12_17-36-49,1660293409,92.90591645240784,13091.002390146255,74872,jschang,210.221.116.119,13091.002390146255,44520,159,6.272470235824585,2040.487,57.19082,0.021479873,280,44520,70.66666666666667,30.748062015503876,0.04310077519379845,0.06787109375
15.879725,1.0,280,False,44800,,160,default,5e3e12173757487bb8d5cace6d7067b1,2022-08-12_17-38-25,1660293505,96.17963719367981,13187.182027339935,74872,jschang,210.221.116.119,13187.182027339935,44800,160,6.272470235824585,2045.3358,47.899796,0.021317156,280,44800,68.59925373134328,30.87761194029851,0.041940298507462684,0.06787109375
15.879725,nan,280,False,45080,,161,default,5e3e12173757487bb8d5cace6d7067b1,2022-08-12_17-40-33,1660293633,127.63961267471313,13314.821640014648,74872,jschang,210.221.116.119,13314.821640014648,45080,161,6.272470235824585,2050.1768,54.003624,0.0214061,280,45080,74.91011235955057,31.240449438202255,0.03932584269662922,0.06787109375
15.562131,1.0,280,False,45360,,162,default,5e3e12173757487bb8d5cace6d7067b1,2022-08-12_17-42-45,1660293765,132.35607886314392,13447.177718877792,74872,jschang,210.221.116.119,13447.177718877792,45360,162,6.272470235824585,2055.1323,50.311935,0.021365175,280,45360,73.24216216216216,31.109729729729725,0.041783783783783786,0.06787109375
15.562131,nan,280,False,45640,,163,default,5e3e12173757487bb8d5cace6d7067b1,2022-08-12_17-44-06,1660293846,80.4114601612091,13527.589179039001,74872,jschang,210.221.116.119,13527.589179039001,45640,163,6.272470235824585,2060.223,55.859787,0.021498267,280,45640,67.96339285714285,30.567857142857147,0.042232142857142864,0.06787109375
15.562131,nan,280,False,45920,,164,default,5e3e12173757487bb8d5cace6d7067b1,2022-08-12_17-45-26,1660293926,80.42267751693726,13608.011856555939,74872,jschang,210.221.116.119,13608.011856555939,45920,164,6.272470235824585,2065.3916,45.43371,0.021236893,280,45920,67.89464285714286,30.585714285714282,0.044375000000000005,0.06787109375
14.60853,1.0,280,False,46200,,165,default,5e3e12173757487bb8d5cace6d7067b1,2022-08-12_17-46-47,1660294007,80.63220858573914,13688.644065141678,74872,jschang,210.221.116.119,13688.644065141678,46200,165,6.272470235824585,2070.6516,55.253464,0.021383688,280,46200,65.74601769911504,30.575221238938052,0.0415929203539823,0.06787109375
13.850603,1.0,280,False,46480,,166,default,5e3e12173757487bb8d5cace6d7067b1,2022-08-12_17-48-09,1660294089,82.05029296875,13770.694358110428,74872,jschang,210.221.116.119,13770.694358110428,46480,166,6.272470235824585,2075.9202,57.65629,0.021559477,280,46480,64.9236842105263,30.587719298245613,0.044298245614035094,0.06787109375
13.589272,1.0,280,False,46760,,167,default,5e3e12173757487bb8d5cace6d7067b1,2022-08-12_17-49-17,1660294157,68.529709815979,13839.224067926407,74872,jschang,210.221.116.119,13839.224067926407,46760,167,6.272470235824585,2081.2095,49.616222,0.021410102,280,46760,62.15833333333333,30.554166666666664,0.04041666666666666,0.06787109375
13.589272,nan,280,False,47040,,168,default,5e3e12173757487bb8d5cace6d7067b1,2022-08-12_17-50-24,1660294224,66.23284816741943,13905.456916093826,74872,jschang,210.221.116.119,13905.456916093826,47040,168,6.272470235824585,2086.6262,40.474693,0.020934079,280,47040,63.78043478260869,30.595652173913045,0.04141304347826087,0.06787109375
13.836433,1.0,280,False,47320,,169,default,5e3e12173757487bb8d5cace6d7067b1,2022-08-12_17-51-47,1660294307,83.56373119354248,13989.020647287369,74872,jschang,210.221.116.119,13989.020647287369,47320,169,6.272470235824585,2091.9688,56.500767,0.021186365,280,47320,64.82222222222222,30.430769230769233,0.043760683760683754,0.06787109375
13.836433,nan,280,False,47600,,170,default,5e3e12173757487bb8d5cace6d7067b1,2022-08-12_17-53-06,1660294386,79.31579995155334,14068.336447238922,74872,jschang,210.221.116.119,14068.336447238922,47600,170,6.272470235824585,2097.332,55.14938,0.021275636,280,47600,67.99181818181819,30.56090909090909,0.0429090909090909,0.06787109375
13.836433,nan,280,False,47880,,171,default,5e3e12173757487bb8d5cace6d7067b1,2022-08-12_17-54-49,1660294489,102.80602478981018,14171.142472028732,74872,jschang,210.221.116.119,14171.142472028732,47880,171,6.272470235824585,2102.7974,39.909813,0.020794354,280,47880,71.975,30.793055555555554,0.04118055555555556,0.06787109375
13.836433,nan,280,False,48160,,172,default,5e3e12173757487bb8d5cace6d7067b1,2022-08-12_17-56-32,1660294592,102.98733019828796,14274.12980222702,74872,jschang,210.221.116.119,14274.12980222702,48160,172,6.272470235824585,2108.169,38.40308,0.020323316,280,48160,71.99020979020979,30.880419580419577,0.04083916083916084,0.06787109375
13.836433,nan,280,False,48440,,173,default,5e3e12173757487bb8d5cace6d7067b1,2022-08-12_17-58-11,1660294691,99.10992217063904,14373.23972439766,74872,jschang,210.221.116.119,14373.23972439766,48440,173,6.272470235824585,2113.3943,53.37387,0.020532694,280,48440,71.64855072463769,30.928985507246374,0.0391304347826087,0.06787109375
13.836433,nan,280,False,48720,,174,default,5e3e12173757487bb8d5cace6d7067b1,2022-08-12_17-59-51,1660294791,99.41695809364319,14472.656682491302,74872,jschang,210.221.116.119,14472.656682491302,48720,174,6.272470235824585,2118.5496,51.209927,0.02061847,280,48720,71.33525179856116,30.899280575539567,0.039712230215827336,0.06787109375
13.836433,nan,280,False,49000,,175,default,5e3e12173757487bb8d5cace6d7067b1,2022-08-12_18-01-31,1660294891,100.38821244239807,14573.0448949337,74872,jschang,210.221.116.119,14573.0448949337,49000,175,6.272470235824585,2123.5088,28.296585,0.019763758,280,49000,71.84214285714286,30.617857142857144,0.0405,0.06787109375
13.836433,nan,280,False,49280,,176,default,5e3e12173757487bb8d5cace6d7067b1,2022-08-12_18-03-12,1660294992,100.8969190120697,14673.94181394577,74872,jschang,210.221.116.119,14673.94181394577,49280,176,6.272470235824585,2128.2974,47.0568,0.0198704,280,49280,71.80785714285713,30.81857142857143,0.048285714285714286,0.06787109375
13.836433,nan,280,False,49560,,177,default,5e3e12173757487bb8d5cace6d7067b1,2022-08-12_18-04-22,1660295062,69.44517683982849,14743.386990785599,74872,jschang,210.221.116.119,14743.386990785599,49560,177,6.272470235824585,2132.8894,41.63503,0.019695602,280,49560,64.73814432989691,30.468041237113404,0.045463917525773195,0.06787109375
13.836433,nan,280,False,49840,,178,default,5e3e12173757487bb8d5cace6d7067b1,2022-08-12_18-05-31,1660295131,68.95085287094116,14812.33784365654,74872,jschang,210.221.116.119,14812.33784365654,49840,178,6.272470235824585,2137.418,56.642742,0.02015702,280,49840,64.60625,30.602083333333336,0.04697916666666666,0.06787109375
13.836433,nan,280,False,50120,,179,default,5e3e12173757487bb8d5cace6d7067b1,2022-08-12_18-06-49,1660295209,78.93593859672546,14891.273782253265,74872,jschang,210.221.116.119,14891.273782253265,50120,179,6.272470235824585,2141.7832,48.611362,0.02020107,280,50120,67.81363636363638,30.762727272727272,0.044272727272727276,0.06787109375
13.836433,nan,280,False,50400,,180,default,5e3e12173757487bb8d5cace6d7067b1,2022-08-12_18-08-09,1660295289,79.39308834075928,14970.666870594025,74872,jschang,210.221.116.119,14970.666870594025,50400,180,6.272470235824585,2146.1394,52.278973,0.02037784,280,50400,68.05675675675676,30.796396396396396,0.04117117117117116,0.06787109375
13.836433,nan,280,False,50680,,181,default,5e3e12173757487bb8d5cace6d7067b1,2022-08-12_18-09-17,1660295357,68.48957705497742,15039.156447649002,74872,jschang,210.221.116.119,15039.156447649002,50680,181,6.272470235824585,2150.4304,48.85575,0.020423146,280,50680,65.02291666666667,30.448958333333334,0.0434375,0.06787109375
13.836433,nan,280,False,50960,,182,default,5e3e12173757487bb8d5cace6d7067b1,2022-08-12_18-10-26,1660295426,68.28202557563782,15107.43847322464,74872,jschang,210.221.116.119,15107.43847322464,50960,182,6.272470235824585,2154.7349,50.9912,0.02045662,280,50960,64.84631578947369,30.44000000000001,0.0388421052631579,0.06787109375
13.82916,1.0,280,False,51240,,183,default,5e3e12173757487bb8d5cace6d7067b1,2022-08-12_18-11-36,1660295496,70.60441374778748,15178.042886972427,74872,jschang,210.221.116.119,15178.042886972427,51240,183,6.272470235824585,2159.1826,46.97191,0.020383703,280,51240,62.872727272727275,30.53131313131313,0.04444444444444443,0.06787109375
13.82916,nan,280,False,51520,,184,default,5e3e12173757487bb8d5cace6d7067b1,2022-08-12_18-12-45,1660295565,68.62208676338196,15246.66497373581,74872,jschang,210.221.116.119,15246.66497373581,51520,184,6.272470235824585,2163.6016,45.464153,0.020184465,280,51520,64.84,30.582105263157892,0.0431578947368421,0.06787109375
13.582212,1.0,280,False,51800,,185,default,5e3e12173757487bb8d5cace6d7067b1,2022-08-12_18-13-57,1660295637,72.18705296516418,15318.852026700974,74872,jschang,210.221.116.119,15318.852026700974,51800,185,6.272470235824585,2168.1409,52.611095,0.020359531,280,51800,63.55940594059405,30.57029702970297,0.04613861386138613,0.06787109375
13.582212,nan,280,False,52080,,186,default,5e3e12173757487bb8d5cace6d7067b1,2022-08-12_18-15-07,1660295707,69.85276579856873,15388.704792499542,74872,jschang,210.221.116.119,15388.704792499542,52080,186,6.272470235824585,2172.5889,56.354652,0.020593755,280,52080,65.0556701030928,30.690721649484537,0.04309278350515464,0.06787109375
13.343927,1.0,280,False,52360,,187,default,5e3e12173757487bb8d5cace6d7067b1,2022-08-12_18-16-57,1660295817,110.18450546264648,15498.889297962189,74872,jschang,210.221.116.119,15498.889297962189,52360,187,6.272470235824585,2176.877,48.73758,0.02049335,280,52360,70.83051948051948,31.066233766233765,0.04396103896103896,0.06787109375
13.343927,nan,280,False,52640,,188,default,5e3e12173757487bb8d5cace6d7067b1,2022-08-12_18-18-45,1660295925,108.02388739585876,15606.913185358047,74872,jschang,210.221.116.119,15606.913185358047,52640,188,6.272470235824585,2181.209,42.61346,0.020160995,280,52640,72.44238410596026,30.92185430463576,0.04317880794701987,0.06787109375
13.343927,nan,280,False,52920,,189,default,5e3e12173757487bb8d5cace6d7067b1,2022-08-12_18-19-56,1660295996,70.64424896240234,15677.55743432045,74872,jschang,210.221.116.119,15677.55743432045,52920,189,6.272470235824585,2185.395,53.9048,0.02038494,280,52920,65.38265306122449,30.497959183673473,0.0439795918367347,0.06787109375
13.375588,1.0,280,False,53200,,190,default,5e3e12173757487bb8d5cace6d7067b1,2022-08-12_18-21-11,1660296071,74.89442443847656,15752.451858758926,74872,jschang,210.221.116.119,15752.451858758926,53200,190,6.272470235824585,2189.6584,47.16034,0.020287927,280,53200,61.99333333333333,30.48095238095238,0.045142857142857144,0.06787109375
13.375588,nan,280,False,53480,,191,default,5e3e12173757487bb8d5cace6d7067b1,2022-08-12_18-22-26,1660296146,75.1404640674591,15827.592322826385,74872,jschang,210.221.116.119,15827.592322826385,53480,191,6.272470235824585,2193.8804,37.43201,0.01981317,280,53480,66.23942307692309,30.658653846153847,0.04519230769230769,0.06787109375
13.148884,1.0,280,False,53760,,192,default,5e3e12173757487bb8d5cace6d7067b1,2022-08-12_18-23-43,1660296223,77.01741027832031,15904.609733104706,74872,jschang,210.221.116.119,15904.609733104706,53760,192,6.272470235824585,2198.1204,43.127842,0.019671084,280,53760,64.61574074074075,30.671296296296298,0.04759259259259258,0.06789520640432099
13.148884,nan,280,False,54040,,193,default,5e3e12173757487bb8d5cace6d7067b1,2022-08-12_18-25-15,1660296315,92.22156405448914,15996.831297159195,74872,jschang,210.221.116.119,15996.831297159195,54040,193,6.272470235824585,2202.1218,51.94899,0.019885235,280,54040,70.60703125,30.796875,0.04226562500000001,0.06787109375
13.148884,nan,280,False,54320,,194,default,5e3e12173757487bb8d5cace6d7067b1,2022-08-12_18-26-48,1660296408,92.43675184249878,16089.268049001694,74872,jschang,210.221.116.119,16089.268049001694,54320,194,6.272470235824585,2206.0676,44.558105,0.01976585,280,54320,69.98139534883721,30.6937984496124,0.04465116279069768,0.06787109375
13.148884,nan,280,False,54600,,195,default,5e3e12173757487bb8d5cace6d7067b1,2022-08-12_18-27-54,1660296474,66.83158421516418,16156.099633216858,74872,jschang,210.221.116.119,16156.099633216858,54600,195,6.272470235824585,2210.1292,53.253796,0.01998696,280,54600,64.24731182795699,30.460215053763438,0.042043010752688174,0.06787109375
13.148884,nan,280,False,54880,,196,default,5e3e12173757487bb8d5cace6d7067b1,2022-08-12_18-29-01,1660296541,66.712899684906,16222.812532901764,74872,jschang,210.221.116.119,16222.812532901764,54880,196,6.272470235824585,2214.0999,45.753254,0.019861741,280,54880,64.4505376344086,30.50537634408602,0.04483870967741936,0.06788509464605735
13.148884,nan,280,False,55160,,197,default,5e3e12173757487bb8d5cace6d7067b1,2022-08-12_18-30-07,1660296607,65.79367709159851,16288.606209993362,74872,jschang,210.221.116.119,16288.606209993362,55160,197,6.272470235824585,2218.019,39.53782,0.019533195,280,55160,63.880434782608695,30.554347826086957,0.046630434782608685,0.06787109375
12.929735,1.0,280,False,55440,,198,default,5e3e12173757487bb8d5cace6d7067b1,2022-08-12_18-31-17,1660296677,69.99187469482422,16358.598084688187,74872,jschang,210.221.116.119,16358.598084688187,55440,198,6.272470235824585,2221.7854,33.31981,0.019027807,280,55440,60.51734693877552,30.54285714285714,0.03989795918367347,0.06787109375
12.929735,nan,280,False,55720,,199,default,5e3e12173757487bb8d5cace6d7067b1,2022-08-12_18-32-39,1660296759,82.32855319976807,16440.926637887955,74872,jschang,210.221.116.119,16440.926637887955,55720,199,6.272470235824585,2225.4458,53.925484,0.019400889,280,55720,68.58070175438596,30.885964912280706,0.04482456140350877,0.06787109375
12.7177725,1.0,280,False,56000,,200,default,5e3e12173757487bb8d5cace6d7067b1,2022-08-12_18-34-04,1660296844,84.76555681228638,16525.69219470024,74872,jschang,210.221.116.119,16525.69219470024,56000,200,6.272470235824585,2228.9146,52.305782,0.01969071,280,56000,66.6864406779661,30.612711864406783,0.04305084745762711,0.06787109375
12.7177725,nan,280,False,56280,,201,default,5e3e12173757487bb8d5cace6d7067b1,2022-08-12_18-35-17,1660296917,73.3276777267456,16599.019872426987,74872,jschang,210.221.116.119,16599.019872426987,56280,201,6.272470235824585,2232.3289,48.62704,0.019749098,280,56280,66.00582524271844,30.51359223300971,0.046407766990291255,0.06788373533576052
12.512647,1.0,280,False,56560,,202,default,5e3e12173757487bb8d5cace6d7067b1,2022-08-12_18-36-33,1660296993,76.11719822883606,16675.137070655823,74872,jschang,210.221.116.119,16675.137070655823,56560,202,6.272470235824585,2235.636,37.181534,0.019369604,280,56560,65.02735849056604,30.623584905660376,0.04462264150943396,0.06787109375
12.512647,nan,280,False,56840,,203,default,5e3e12173757487bb8d5cace6d7067b1,2022-08-12_18-38-04,1660297084,90.65049314498901,16765.78756380081,74872,jschang,210.221.116.119,16765.78756380081,56840,203,6.272470235824585,2238.7397,41.224403,0.019197622,280,56840,70.37936507936507,30.894444444444446,0.04166666666666666,0.067881427744709
12.3140335,1.0,280,False,57120,,204,default,5e3e12173757487bb8d5cace6d7067b1,2022-08-12_18-39-38,1660297178,93.36349892616272,16859.151062726974,74872,jschang,210.221.116.119,16859.151062726974,57120,204,6.272470235824585,2241.834,48.0008,0.019347552,280,57120,69.01374045801526,30.85267175572519,0.04175572519083969,0.06787109375
12.418774,1.0,280,False,57400,,205,default,5e3e12173757487bb8d5cace6d7067b1,2022-08-12_18-40-56,1660297256,78.89483880996704,16938.04590153694,74872,jschang,210.221.116.119,16938.04590153694,57400,205,6.272470235824585,2244.9941,52.275764,0.019617166,280,57400,65.67818181818183,30.65363636363636,0.045999999999999985,0.06787109375
12.418774,nan,280,False,57680,,206,default,5e3e12173757487bb8d5cace6d7067b1,2022-08-12_18-42-13,1660297333,76.72056722640991,17014.76646876335,74872,jschang,210.221.116.119,17014.76646876335,57680,206,6.272470235824585,2248.2258,49.605175,0.019727767,280,57680,67.19252336448598,30.54018691588785,0.04280373831775701,0.06787109375
12.418774,nan,280,False,57960,,207,default,5e3e12173757487bb8d5cace6d7067b1,2022-08-12_18-43-43,1660297423,90.08281230926514,17104.849281072617,74872,jschang,210.221.116.119,17104.849281072617,57960,207,6.272470235824585,2251.4856,51.038704,0.0198677,280,57960,70.07440000000001,30.699200000000005,0.04367999999999999,0.06787109375
12.418774,nan,280,False,58240,,208,default,5e3e12173757487bb8d5cace6d7067b1,2022-08-12_18-45-14,1660297514,90.28229212760925,17195.131573200226,74872,jschang,210.221.116.119,17195.131573200226,58240,208,6.272470235824585,2254.8389,48.28947,0.019838843,280,58240,70.26904761904764,30.708730158730155,0.04166666666666665,0.06787109375
12.418774,nan,280,False,58520,,209,default,5e3e12173757487bb8d5cace6d7067b1,2022-08-12_18-46-51,1660297611,97.05674862861633,17292.188321828842,74872,jschang,210.221.116.119,17292.188321828842,58520,209,6.272470235824585,2258.1218,42.63561,0.019619782,280,58520,70.96444444444445,30.899259259259257,0.04237037037037038,0.06787109375
12.418774,nan,280,False,58800,,210,default,5e3e12173757487bb8d5cace6d7067b1,2022-08-12_18-48-28,1660297708,97.38172698020935,17389.57004880905,74872,jschang,210.221.116.119,17389.57004880905,58800,210,6.272470235824585,2261.4814,46.500202,0.019581016,280,58800,71.41323529411765,30.935294117647057,0.05794117647058824,0.07813218060661764
11.257077,1.0,280,False,59080,,211,default,5e3e12173757487bb8d5cace6d7067b1,2022-08-12_18-50-20,1660297820,111.795170545578,17501.36521935463,74872,jschang,210.221.116.119,17501.36521935463,59080,211,6.272470235824585,2264.7715,43.91357,0.019411506,280,59080,70.81538461538462,30.933333333333337,0.03916666666666666,0.07716721754807693
11.257077,nan,280,False,59360,,212,default,5e3e12173757487bb8d5cace6d7067b1,2022-08-12_18-52-08,1660297928,108.16882252693176,17609.53404188156,74872,jschang,210.221.116.119,17609.53404188156,59360,212,6.272470235824585,2268.0232,39.05213,0.019120486,280,59360,72.67615894039736,30.714569536423845,0.04251655629139073,0.07700292322019867
11.257077,nan,280,False,59640,,213,default,5e3e12173757487bb8d5cace6d7067b1,2022-08-12_18-53-28,1660298008,80.51037096977234,17690.044412851334,74872,jschang,210.221.116.119,17690.044412851334,59640,213,6.272470235824585,2271.1367,50.358482,0.019269332,280,59640,68.12321428571428,30.506249999999998,0.04071428571428572,0.07698567708333334
11.257077,nan,280,False,59920,,214,default,5e3e12173757487bb8d5cace6d7067b1,2022-08-12_18-54-49,1660298089,80.52506399154663,17770.56947684288,74872,jschang,210.221.116.119,17770.56947684288,59920,214,6.272470235824585,2274.2773,50.037693,0.019417938,280,59920,68.09469026548672,30.46283185840708,0.04061946902654868,0.07698567708333334
11.086515,1.0,280,False,60200,,215,default,5e3e12173757487bb8d5cace6d7067b1,2022-08-12_18-56-00,1660298160,70.76798057556152,17841.33745741844,74872,jschang,210.221.116.119,17841.33745741844,60200,215,6.272470235824585,2277.3257,44.795975,0.019357894,280,60200,62.869387755102046,30.429591836734698,0.04755102040816326,0.07539128932823129
10.147424,1.0,280,False,60480,,216,default,5e3e12173757487bb8d5cace6d7067b1,2022-08-12_18-57-11,1660298231,70.78614711761475,17912.123604536057,74872,jschang,210.221.116.119,17912.123604536057,60480,216,6.272470235824585,2280.3574,51.94573,0.019578924,280,60480,63.12222222222223,30.595959595959595,0.045757575757575754,0.06917317708333333
10.147424,nan,280,False,60760,,217,default,5e3e12173757487bb8d5cace6d7067b1,2022-08-12_18-58-41,1660298321,89.94384050369263,18002.06744503975,74872,jschang,210.221.116.119,18002.06744503975,60760,217,6.272470235824585,2283.173,53.52124,0.019763973,280,60760,70.1768,30.8824,0.046160000000000014,0.06917317708333337
10.147424,nan,280,False,61040,,218,default,5e3e12173757487bb8d5cace6d7067b1,2022-08-12_19-00-11,1660298411,90.0115098953247,18092.078954935074,74872,jschang,210.221.116.119,18092.078954935074,61040,218,6.272470235824585,2285.929,43.21494,0.019557588,280,61040,69.7968253968254,30.683333333333337,0.04238095238095237,0.06917317708333337
