,-no-flag,-adce,-always-inline,-argpromotion,-break-crit-edges,-codegenprepare,-constmerge,-dce,-deadargelim,-dse,-function-attrs,-globaldce,-globalopt,-gvn,-indvars,-inline,-instcombine,-aggressive-instcombine,-ipsccp,-jump-threading,-lcssa,-licm,-loop-deletion,-loop-extract,-loop-extract-single,-loop-reduce,-loop-rotate,-loop-simplify,-loop-unroll,-loop-unroll-and-jam,-loweratomic,-lowerinvoke,-lowerswitch,-mem2reg,-memcpyopt,-mergefunc,-mergereturn,-partial-inliner,-reassociate,-reg2mem,-sroa,-sccp,-simplifycfg,-sink,-strip,-strip-dead-debug-info,-strip-dead-prototypes,-strip-debug-declare,-strip-nondebug,-tailcallelim
csmith_01.bc,106072,106072,106072,106072,106072,106072,106008,106072,106072,106072,106072,106008,97240,106072,106072,106072,106072,106072,97648,106072,106072,106072,106072,106072,106072,106072,106072,106072,106072,106072,106072,106072,106072,106072,106072,106072,106072,106072,106072,106072,106072,106072,106072,106072,105728,106072,106072,106072,105728,106072
csmith_02.bc,35280,35280,35280,35280,35280,35280,35160,35280,35280,35280,35280,35160,32720,35280,35280,35280,35280,35280,34392,35280,35280,35280,35280,35280,35280,35280,35280,35280,35280,35280,35280,35280,35280,35280,35280,35280,35280,35280,35280,35280,35280,35280,35280,35280,35648,35280,35280,35280,35648,35280
csmith_03.bc,16888,16888,16888,16888,16888,16888,16888,16888,16888,16888,16888,16888,16552,16888,16888,16888,16888,16888,16888,16888,16888,16888,16888,16888,16888,16888,16888,16888,16888,16888,16888,16888,16888,16888,16888,16888,16888,16888,16888,16888,16888,16888,16888,16888,16896,16888,16888,16888,16896,16888
csmith_04.bc,81472,81472,81472,81472,81472,81472,80984,81472,81472,81472,81472,80984,79624,81472,81472,81472,81472,81472,80744,81472,81472,81472,81472,81472,81472,81472,81472,81472,81472,81472,81472,81472,81472,81472,81472,81472,81472,81472,81472,81472,81472,81472,81472,81472,82168,81472,81472,81472,82168,81472
csmith_05.bc,102104,102104,102104,102104,102104,102104,102104,102104,102104,102104,102104,102104,101048,102104,102104,102104,102104,102104,101528,102104,102104,102104,102104,102104,102104,102104,102104,102104,102104,102104,102104,102104,102104,102104,102104,102104,102104,102104,102104,102104,102104,102104,102104,102104,103344,102104,102104,102104,103344,102104
csmith_06.bc,54080,54080,54080,54080,54080,54080,49808,54080,54080,54080,54080,49808,49824,54080,54080,54080,54080,54080,53632,54080,54080,54080,54080,54080,54080,54080,54080,54080,54080,54080,54080,54080,54080,54080,54080,54080,54080,54080,54080,54080,54080,54080,54080,54080,54656,54080,54080,54080,54656,54080
csmith_07.bc,80584,80584,80584,80584,80584,80584,80584,80584,80584,80584,80584,80584,80048,80584,80584,80584,80584,80584,80512,80584,80584,80584,80584,80584,80584,80584,80584,80584,80584,80584,80584,80584,80584,80584,80584,80584,80584,80584,80584,80584,80584,80584,80584,80584,80304,80584,80584,80584,80304,80584
csmith_08.bc,31664,31664,31664,31664,31664,31664,31664,31664,31664,31664,31664,31664,32584,31664,31664,31664,31664,31664,31024,31664,31664,31664,31664,31664,31664,31664,31664,31664,31664,31664,31664,31664,31664,31664,31664,31664,31664,31664,31664,31664,31664,31664,31664,31664,32456,31664,31664,31664,32456,31664
csmith_09.bc,16616,16616,16616,16616,16616,16616,16616,16616,16616,16616,16616,16616,16576,16616,16616,16616,16616,16616,16576,16616,16616,16616,16616,16616,16616,16616,16616,16616,16616,16616,16616,16616,16616,16616,16616,16616,16616,16616,16616,16616,16616,16616,16616,16616,16648,16616,16616,16616,16648,16616
csmith_100.bc,26696,26696,26696,26696,26696,26696,26696,26696,26696,26696,26696,26696,28432,26696,26696,26696,26696,26696,25464,26696,26696,26696,26696,26696,26696,26696,26696,26696,26696,26696,26696,26696,26696,26696,26696,26696,26696,26696,26696,26696,26696,26696,26696,26696,27392,26696,26696,26696,27392,26696
csmith_10.bc,129592,129592,129592,129592,129592,129592,129592,129592,129592,129592,129592,129592,127656,129592,129592,129592,129592,129592,108608,129592,129592,129592,129592,129592,129592,129592,129592,129592,129592,129592,129592,129592,129592,129592,129592,129592,129592,129592,129592,129592,129592,129592,129592,129592,129968,129592,129592,129592,129968,129592
csmith_11.bc,24320,24320,24320,24320,24320,24320,24320,24320,24320,24320,24320,24320,23592,24320,24320,24320,24320,24320,23760,24320,24320,24320,24320,24320,24320,24320,24320,24320,24320,24320,24320,24320,24320,24320,24320,24320,24320,24320,24320,24320,24320,24320,24320,24320,24696,24320,24320,24320,24696,24320
csmith_12.bc,16448,16448,16448,16448,16448,16448,16448,16448,16448,16448,16448,16448,16448,16448,16448,16448,16448,16448,16448,16448,16448,16448,16448,16448,16448,16448,16448,16448,16448,16448,16448,16448,16448,16448,16448,16448,16448,16448,16448,16448,16448,16448,16448,16448,16456,16448,16448,16448,16456,16448
csmith_13.bc,39680,39680,39680,39680,39680,39680,39680,39680,39680,39680,39680,39680,38008,39680,39680,39680,39680,39680,39424,39680,39680,39680,39680,39680,39680,39680,39680,39680,39680,39680,39680,39680,39680,39680,39680,39680,39680,39680,39680,39680,39680,39680,39680,39680,40136,39680,39680,39680,40136,39680
csmith_14.bc,26512,26512,26512,26512,26512,26512,26512,26512,26512,26512,26512,26512,25208,26512,26512,26512,26512,26512,25560,26512,26512,26512,26512,26512,26512,26512,26512,26512,26512,26512,26512,26512,26512,26512,26512,26512,26512,26512,26512,26512,26512,26512,26512,26512,26992,26512,26512,26512,26992,26512
csmith_15.bc,74784,74784,74784,74784,74784,74784,74712,74784,74784,74784,74784,74712,73440,74784,74784,74784,74784,74784,74192,74784,74784,74784,74784,74784,74784,74784,74784,74784,74784,74784,74784,74784,74784,74784,74784,74784,74784,74784,74784,74784,74784,74784,74784,74784,74736,74784,74784,74784,74736,74784
csmith_16.bc,33344,33344,33344,33344,33344,33344,33344,33344,33344,33344,33344,33344,32680,33344,33344,33344,33344,33344,32984,33344,33344,33344,33344,33344,33344,33344,33344,33344,33344,33344,33344,33344,33344,33344,33344,33344,33344,33344,33344,33344,33344,33344,33344,33344,33520,33344,33344,33344,33520,33344
csmith_17.bc,196840,196840,196840,196840,196840,196840,196840,196840,196840,196840,196840,196840,196104,196840,196840,196840,196840,196840,192440,196840,196840,196840,196840,196840,196840,196840,196840,196840,196840,196840,196840,196840,196840,196840,196840,196840,196840,196840,196840,196840,196840,196840,196840,196840,196696,196840,196840,196840,196696,196840
csmith_18.bc,21064,21064,21064,21064,21064,21064,21064,21064,21064,21064,21064,21064,21056,21064,21064,21064,21064,21064,21064,21064,21064,21064,21064,21064,21064,21064,21064,21064,21064,21064,21064,21064,21064,21064,21064,21064,21064,21064,21064,21064,21064,21064,21064,21064,21120,21064,21064,21064,21120,21064
csmith_19.bc,33784,33784,33784,33784,33784,33784,33784,33784,33784,33784,33784,33784,32488,33784,33784,33784,33784,33784,32712,33784,33784,33784,33784,33784,33784,33784,33784,33784,33784,33784,33784,33784,33784,33784,33784,33784,33784,33784,33784,33784,33784,33784,33784,33784,34496,33784,33784,33784,34496,33784
csmith_20.bc,19376,19376,19376,19376,19376,19376,19376,19376,19376,19376,19376,19376,17240,19376,19376,19376,19376,19376,18584,19376,19376,19376,19376,19376,19376,19376,19376,19376,19376,19376,19376,19376,19376,19376,19376,19376,19376,19376,19376,19376,19376,19376,19376,19376,19688,19376,19376,19376,19688,19376
csmith_21.bc,175776,175776,175776,175776,175776,175776,175776,175776,175776,175776,175776,175776,178536,175776,175776,175776,175776,175776,175528,175776,175776,175776,175776,175776,175776,175776,175776,175776,175776,175776,175776,175776,175776,175776,175776,175776,175776,175776,175776,175776,175776,175776,175776,175776,175824,175776,175776,175776,175824,175776
csmith_22.bc,73024,73024,73024,73024,73024,73024,73024,73024,73024,73024,73024,73024,76440,73024,73024,73024,73024,73024,72560,73024,73024,73024,73024,73024,73024,73024,73024,73024,73024,73024,73024,73024,73024,73024,73024,73024,73024,73024,73024,73024,73024,73024,73024,73024,73112,73024,73024,73024,73112,73024
csmith_23.bc,16448,16448,16448,16448,16448,16448,16448,16448,16448,16448,16448,16448,16440,16448,16448,16448,16448,16448,16448,16448,16448,16448,16448,16448,16448,16448,16448,16448,16448,16448,16448,16448,16448,16448,16448,16448,16448,16448,16448,16448,16448,16448,16448,16448,16456,16448,16448,16448,16456,16448
csmith_24.bc,132728,132728,132728,132728,132728,132728,132728,132728,132728,132728,132728,132728,131640,132728,132728,132728,132728,132728,128264,132728,132728,132728,132728,132728,132728,132728,132728,132728,132728,132728,132728,132728,132728,132728,132728,132728,132728,132728,132728,132728,132728,132728,132728,132728,132944,132728,132728,132728,132944,132728
csmith_25.bc,102200,102200,102200,102200,102200,102200,102200,102200,102200,102200,102200,102200,96536,102200,102200,102200,102200,102200,101776,102200,102200,102200,102200,102200,102200,102200,102200,102200,102200,102200,102200,102200,102200,102200,102200,102200,102200,102200,102200,102200,102200,102200,102200,102200,101992,102200,102200,102200,101992,102200
csmith_26.bc,16736,16736,16736,16736,16736,16736,16736,16736,16736,16736,16736,16736,16736,16736,16736,16736,16736,16736,16736,16736,16736,16736,16736,16736,16736,16736,16736,16736,16736,16736,16736,16736,16736,16736,16736,16736,16736,16736,16736,16736,16736,16736,16736,16736,16744,16736,16736,16736,16744,16736
csmith_27.bc,113328,113328,113328,113328,113328,113328,113296,113328,113328,113328,113328,113296,112128,113328,113328,113328,113328,113328,112976,113328,113328,113328,113328,113328,113328,113328,113328,113328,113328,113328,113328,113328,113328,113328,113328,113328,113328,113328,113328,113328,113328,113328,113328,113328,112840,113328,113328,113328,112840,113328
csmith_28.bc,199728,199728,199728,199728,199728,199728,199728,199728,199728,199728,199728,199728,195968,199728,199728,199728,199728,199728,187120,199728,199728,199728,199728,199728,199728,199728,199728,199728,199728,199728,199728,199728,199728,199728,199728,199728,199728,199728,199728,199728,199728,199728,199728,199728,199720,199728,199728,199728,199720,199728
csmith_29.bc,42768,42768,42768,42768,42768,42768,42768,42768,42768,42768,42768,42768,42592,42768,42768,42768,42768,42768,41720,42768,42768,42768,42768,42768,42768,42768,42768,42768,42768,42768,42768,42768,42768,42768,42768,42768,42768,42768,42768,42768,42768,42768,42768,42768,43304,42768,42768,42768,43304,42768
csmith_30.bc,16472,16472,16472,16472,16472,16472,16472,16472,16472,16472,16472,16472,16472,16472,16472,16472,16472,16472,16472,16472,16472,16472,16472,16472,16472,16472,16472,16472,16472,16472,16472,16472,16472,16472,16472,16472,16472,16472,16472,16472,16472,16472,16472,16472,16496,16472,16472,16472,16496,16472
csmith_31.bc,65152,65152,65152,65152,65152,65152,65152,65152,65152,65152,65152,65152,59976,65152,65152,65152,65152,65152,60240,65152,65152,65152,65152,65152,65152,65152,65152,65152,65152,65152,65152,65152,65152,65152,65152,65152,65152,65152,65152,65152,65152,65152,65152,65152,65048,65152,65152,65152,65048,65152
csmith_32.bc,60240,60240,60240,60240,60240,60240,60080,60240,60240,60240,60240,60080,61720,60240,60240,60240,60240,60240,59552,60240,60240,60240,60240,60240,60240,60240,60240,60240,60240,60240,60240,60240,60240,60240,60240,60240,60240,60240,60240,60240,60240,60240,60240,60240,61016,60240,60240,60240,61016,60240
csmith_33.bc,16512,16512,16512,16512,16512,16512,16512,16512,16512,16512,16512,16512,16472,16512,16512,16512,16512,16512,16512,16512,16512,16512,16512,16512,16512,16512,16512,16512,16512,16512,16512,16512,16512,16512,16512,16512,16512,16512,16512,16512,16512,16512,16512,16512,16520,16512,16512,16512,16520,16512
csmith_34.bc,19040,19040,19040,19040,19040,19040,19040,19040,19040,19040,19040,19040,17368,19040,19040,19040,19040,19040,17968,19040,19040,19040,19040,19040,19040,19040,19040,19040,19040,19040,19040,19040,19040,19040,19040,19040,19040,19040,19040,19040,19040,19040,19040,19040,19448,19040,19040,19040,19448,19040
csmith_35.bc,73440,73440,73440,73440,73440,73440,73440,73440,73440,73440,73440,73440,73016,73440,73440,73440,73440,73440,73136,73440,73440,73440,73440,73440,73440,73440,73440,73440,73440,73440,73440,73440,73440,73440,73440,73440,73440,73440,73440,73440,73440,73440,73440,73440,73392,73440,73440,73440,73392,73440
csmith_36.bc,16472,16472,16472,16472,16472,16472,16472,16472,16472,16472,16472,16472,16472,16472,16472,16472,16472,16472,16472,16472,16472,16472,16472,16472,16472,16472,16472,16472,16472,16472,16472,16472,16472,16472,16472,16472,16472,16472,16472,16472,16472,16472,16472,16472,16496,16472,16472,16472,16496,16472
csmith_37.bc,121832,121832,121832,121832,121832,121832,121832,121832,121832,121832,121832,121832,120128,121832,121832,121832,121832,121832,112360,121832,121832,121832,121832,121832,121832,121832,121832,121832,121832,121832,121832,121832,121832,121832,121832,121832,121832,121832,121832,121832,121832,121832,121832,121832,122152,121832,121832,121832,122152,121832
csmith_38.bc,98488,98488,98488,98488,98488,98488,98368,98488,98488,98488,98488,98368,101432,98488,98488,98488,98488,98488,98152,98488,98488,98488,98488,98488,98488,98488,98488,98488,98488,98488,98488,98488,98488,98488,98488,98488,98488,98488,98488,98488,98488,98488,98488,98488,98576,98488,98488,98488,98576,98488
csmith_39.bc,23336,23336,23336,23336,23336,23336,23336,23336,23336,23336,23336,23336,22240,23336,23336,23336,23336,23336,22368,23336,23336,23336,23336,23336,23336,23336,23336,23336,23336,23336,23336,23336,23336,23336,23336,23336,23336,23336,23336,23336,23336,23336,23336,23336,23792,23336,23336,23336,23792,23336
csmith_40.bc,18672,18672,18672,18672,18672,18672,18672,18672,18672,18672,18672,18672,17416,18672,18672,18672,18672,18672,17856,18672,18672,18672,18672,18672,18672,18672,18672,18672,18672,18672,18672,18672,18672,18672,18672,18672,18672,18672,18672,18672,18672,18672,18672,18672,19024,18672,18672,18672,19024,18672
csmith_41.bc,88120,88120,88120,88120,88120,88120,88120,88120,88120,88120,88120,88120,88760,88120,88120,88120,88120,88120,87288,88120,88120,88120,88120,88120,88120,88120,88120,88120,88120,88120,88120,88120,88120,88120,88120,88120,88120,88120,88120,88120,88120,88120,88120,88120,88592,88120,88120,88120,88592,88120
csmith_42.bc,16632,16632,16632,16632,16632,16632,16632,16632,16632,16632,16632,16632,16632,16632,16632,16632,16632,16632,16632,16632,16632,16632,16632,16632,16632,16632,16632,16632,16632,16632,16632,16632,16632,16632,16632,16632,16632,16632,16632,16632,16632,16632,16632,16632,16616,16632,16632,16632,16616,16632
csmith_43.bc,77456,77456,77456,77456,77456,77456,77456,77456,77456,77456,77456,77456,71184,77456,77456,77456,77456,77456,76672,77456,77456,77456,77456,77456,77456,77456,77456,77456,77456,77456,77456,77456,77456,77456,77456,77456,77456,77456,77456,77456,77456,77456,77456,77456,78248,77456,77456,77456,78248,77456
csmith_44.bc,16400,16400,16400,16400,16400,16400,16400,16400,16400,16400,16400,16400,16360,16400,16400,16400,16400,16400,16360,16400,16400,16400,16400,16400,16400,16400,16400,16400,16400,16400,16400,16400,16400,16400,16400,16400,16400,16400,16400,16400,16400,16400,16400,16400,16400,16400,16400,16400,16400,16400
csmith_45.bc,94856,94856,94856,94856,94856,94856,94824,94856,94856,94856,94856,94856,97664,94856,94856,94856,94856,94856,94456,94856,94856,94856,94856,94856,94856,94856,94856,94856,94856,94856,94856,94856,94856,94856,94856,94856,94856,94856,94856,94856,94856,94856,94856,94856,95024,94856,94856,94856,95024,94856
csmith_46.bc,74272,74272,74272,74272,74272,74272,74176,74272,74272,74272,74272,74176,72480,74272,74272,74272,74272,74272,73856,74272,74272,74272,74272,74272,74272,74272,74272,74272,74272,74272,74272,74272,74272,74272,74272,74272,74272,74272,74272,74272,74272,74272,74272,74272,74616,74272,74272,74272,74616,74272
csmith_47.bc,35200,35200,35200,35200,35200,35200,35200,35200,35200,35200,35200,35200,33424,35200,35200,35200,35200,35200,34480,35200,35200,35200,35200,35200,35200,35200,35200,35200,35200,35200,35200,35200,35200,35200,35200,35200,35200,35200,35200,35200,35200,35200,35200,35200,36000,35200,35200,35200,36000,35200
csmith_48.bc,36960,36960,36960,36960,36960,36960,36960,36960,36960,36960,36960,36960,36400,36960,36960,36960,36960,36960,36520,36960,36960,36960,36960,36960,36960,36960,36960,36960,36960,36960,36960,36960,36960,36960,36960,36960,36960,36960,36960,36960,36960,36960,36960,36960,36872,36960,36960,36960,36872,36960
csmith_49.bc,16400,16400,16400,16400,16400,16400,16400,16400,16400,16400,16400,16400,16360,16400,16400,16400,16400,16400,16360,16400,16400,16400,16400,16400,16400,16400,16400,16400,16400,16400,16400,16400,16400,16400,16400,16400,16400,16400,16400,16400,16400,16400,16400,16400,16400,16400,16400,16400,16400,16400
csmith_50.bc,16400,16400,16400,16400,16400,16400,16400,16400,16400,16400,16400,16400,16392,16400,16400,16400,16400,16400,16400,16400,16400,16400,16400,16400,16400,16400,16400,16400,16400,16400,16400,16400,16400,16400,16400,16400,16400,16400,16400,16400,16400,16400,16400,16400,16400,16400,16400,16400,16400,16400
csmith_51.bc,230304,230304,230304,230304,230304,230304,230304,230304,230304,230304,230304,230304,222240,230304,230304,230304,230304,230304,225832,230304,230304,230304,230304,230304,230304,230304,230304,230304,230304,230304,230304,230304,230304,230304,230304,230304,230304,230304,230304,230304,230304,230304,230304,230304,230736,230304,230304,230304,230736,230304
csmith_52.bc,47848,47848,47848,47848,47848,47848,47848,47848,47848,47848,47848,47848,47288,47848,47848,47848,47848,47848,47696,47848,47848,47848,47848,47848,47848,47848,47848,47848,47848,47848,47848,47848,47848,47848,47848,47848,47848,47848,47848,47848,47848,47848,47848,47848,47448,47848,47848,47848,47448,47848
csmith_53.bc,27984,27984,27984,27984,27984,27984,27984,27984,27984,27984,27984,27984,28568,27984,27984,27984,27984,27984,26992,27984,27984,27984,27984,27984,27984,27984,27984,27984,27984,27984,27984,27984,27984,27984,27984,27984,27984,27984,27984,27984,27984,27984,27984,27984,28984,27984,27984,27984,28984,27984
csmith_54.bc,62904,62904,62904,62904,62904,62904,62904,62904,62904,62904,62904,62904,62024,62904,62904,62904,62904,62904,62168,62904,62904,62904,62904,62904,62904,62904,62904,62904,62904,62904,62904,62904,62904,62904,62904,62904,62904,62904,62904,62904,62904,62904,62904,62904,62736,62904,62904,62904,62736,62904
csmith_55.bc,16360,16360,16360,16360,16360,16360,16360,16360,16360,16360,16360,16360,16360,16360,16360,16360,16360,16360,16360,16360,16360,16360,16360,16360,16360,16360,16360,16360,16360,16360,16360,16360,16360,16360,16360,16360,16360,16360,16360,16360,16360,16360,16360,16360,16360,16360,16360,16360,16360,16360
csmith_56.bc,55640,55640,55640,55640,55640,55640,55328,55640,55640,55640,55640,55328,49488,55640,55640,55640,55640,55640,51088,55640,55640,55640,55640,55640,55640,55640,55640,55640,55640,55640,55640,55640,55640,55640,55640,55640,55640,55640,55640,55640,55640,55640,55640,55640,55488,55640,55640,55640,55488,55640
csmith_57.bc,99144,99144,99144,99144,99144,99144,99144,99144,99144,99144,99144,99144,93200,99144,99144,99144,99144,99144,94496,99144,99144,99144,99144,99144,99144,99144,99144,99144,99144,99144,99144,99144,99144,99144,99144,99144,99144,99144,99144,99144,99144,99144,99144,99144,99120,99144,99144,99144,99120,99144
csmith_58.bc,22752,22752,22752,22752,22752,22752,22752,22752,22752,22752,22752,22752,21888,22752,22752,22752,22752,22752,22088,22752,22752,22752,22752,22752,22752,22752,22752,22752,22752,22752,22752,22752,22752,22752,22752,22752,22752,22752,22752,22752,22752,22752,22752,22752,23064,22752,22752,22752,23064,22752
csmith_59.bc,16608,16608,16608,16608,16608,16608,16608,16608,16608,16608,16608,16608,16608,16608,16608,16608,16608,16608,16608,16608,16608,16608,16608,16608,16608,16608,16608,16608,16608,16608,16608,16608,16608,16608,16608,16608,16608,16608,16608,16608,16608,16608,16608,16608,16624,16608,16608,16608,16624,16608
csmith_60.bc,54616,54616,54616,54616,54616,54616,54616,54616,54616,54616,54616,54616,54296,54616,54616,54616,54616,54616,54432,54616,54616,54616,54616,54616,54616,54616,54616,54616,54616,54616,54616,54616,54616,54616,54616,54616,54616,54616,54616,54616,54616,54616,54616,54616,55072,54616,54616,54616,55072,54616
csmith_61.bc,78784,78784,78784,78784,78784,78784,78752,78784,78784,78784,78784,78752,71616,78784,78784,78784,78784,78784,78216,78784,78784,78784,78784,78784,78784,78784,78784,78784,78784,78784,78784,78784,78784,78784,78784,78784,78784,78784,78784,78784,78784,78784,78784,78784,78944,78784,78784,78784,78944,78784
csmith_62.bc,16576,16576,16576,16576,16576,16576,16576,16576,16576,16576,16576,16576,16576,16576,16576,16576,16576,16576,16576,16576,16576,16576,16576,16576,16576,16576,16576,16576,16576,16576,16576,16576,16576,16576,16576,16576,16576,16576,16576,16576,16576,16576,16576,16576,16576,16576,16576,16576,16576,16576
csmith_63.bc,16248,16248,16248,16248,16248,16248,16248,16248,16248,16248,16248,16248,16176,16248,16248,16248,16248,16248,16216,16248,16248,16248,16248,16248,16248,16248,16248,16248,16248,16248,16248,16248,16248,16248,16248,16248,16248,16248,16248,16248,16248,16248,16248,16248,16248,16248,16248,16248,16248,16248
csmith_64.bc,103936,103936,103936,103936,103936,103936,103936,103936,103936,103936,103936,103936,102496,103936,103936,103936,103936,103936,99472,103936,103936,103936,103936,103936,103936,103936,103936,103936,103936,103936,103936,103936,103936,103936,103936,103936,103936,103936,103936,103936,103936,103936,103936,103936,103632,103936,103936,103936,103632,103936
csmith_65.bc,16744,16744,16744,16744,16744,16744,16744,16744,16744,16744,16744,16744,16744,16744,16744,16744,16744,16744,16744,16744,16744,16744,16744,16744,16744,16744,16744,16744,16744,16744,16744,16744,16744,16744,16744,16744,16744,16744,16744,16744,16744,16744,16744,16744,16760,16744,16744,16744,16760,16744
csmith_66.bc,33512,33512,33512,33512,33512,33512,33512,33512,33512,33512,33512,33512,31352,33512,33512,33512,33512,33512,32200,33512,33512,33512,33512,33512,33512,33512,33512,33512,33512,33512,33512,33512,33512,33512,33512,33512,33512,33512,33512,33512,33512,33512,33512,33512,34112,33512,33512,33512,34112,33512
csmith_67.bc,109808,109808,109808,109808,109808,109808,109760,109808,109808,109808,109808,109760,107936,109808,109808,109808,109808,109808,109360,109808,109808,109808,109808,109808,109808,109808,109808,109808,109808,109808,109808,109808,109808,109808,109808,109808,109808,109808,109808,109808,109808,109808,109808,109808,109760,109808,109808,109808,109760,109808
csmith_68.bc,31256,31256,31256,31256,31256,31256,31256,31256,31256,31256,31256,31256,30424,31256,31256,31256,31256,31256,30792,31256,31256,31256,31256,31256,31256,31256,31256,31256,31256,31256,31256,31256,31256,31256,31256,31256,31256,31256,31256,31256,31256,31256,31256,31256,31680,31256,31256,31256,31680,31256
csmith_69.bc,16496,16496,16496,16496,16496,16496,16496,16496,16496,16496,16496,16496,16448,16496,16496,16496,16496,16496,16456,16496,16496,16496,16496,16496,16496,16496,16496,16496,16496,16496,16496,16496,16496,16496,16496,16496,16496,16496,16496,16496,16496,16496,16496,16496,16520,16496,16496,16496,16520,16496
csmith_70.bc,217720,217720,217720,217720,217720,217720,217720,217720,217720,217720,217720,217720,215376,217720,217720,217720,217720,217720,213280,217720,217720,217720,217720,217720,217720,217720,217720,217720,217720,217720,217720,217720,217720,217720,217720,217720,217720,217720,217720,217720,217720,217720,217720,217720,218464,217720,217720,217720,218464,217720
csmith_71.bc,157872,157872,157872,157872,157872,157872,157872,157872,157872,157872,157872,157872,153000,157872,157872,157872,157872,157872,149480,157872,157872,157872,157872,157872,157872,157872,157872,157872,157872,157872,157872,157872,157872,157872,157872,157872,157872,157872,157872,157872,157872,157872,157872,157872,157752,157872,157872,157872,157752,157872
csmith_72.bc,47672,47672,47672,47672,47672,47672,47672,47672,47672,47672,47672,47672,40968,47672,47672,47672,47672,47672,42472,47672,47672,47672,47672,47672,47672,47672,47672,47672,47672,47672,47672,47672,47672,47672,47672,47672,47672,47672,47672,47672,47672,47672,47672,47672,48216,47672,47672,47672,48216,47672
csmith_73.bc,29648,29648,29648,29648,29648,29648,29648,29648,29648,29648,29648,29648,27144,29648,29648,29648,29648,29648,28840,29648,29648,29648,29648,29648,29648,29648,29648,29648,29648,29648,29648,29648,29648,29648,29648,29648,29648,29648,29648,29648,29648,29648,29648,29648,30096,29648,29648,29648,30096,29648
csmith_74.bc,37560,37560,37560,37560,37560,37560,37560,37560,37560,37560,37560,37560,35824,37560,37560,37560,37560,37560,36808,37560,37560,37560,37560,37560,37560,37560,37560,37560,37560,37560,37560,37560,37560,37560,37560,37560,37560,37560,37560,37560,37560,37560,37560,37560,38184,37560,37560,37560,38184,37560
csmith_75.bc,130672,130672,130672,130672,130672,130672,130640,130672,130672,130672,130672,130640,131432,130672,130672,130672,130672,130672,129648,130672,130672,130672,130672,130672,130672,130672,130672,130672,130672,130672,130672,130672,130672,130672,130672,130672,130672,130672,130672,130672,130672,130672,130672,130672,130928,130672,130672,130672,130928,130672
csmith_76.bc,41992,41992,41992,41992,41992,41992,41992,41992,41992,41992,41992,41992,36912,41992,41992,41992,41992,41992,41240,41992,41992,41992,41992,41992,41992,41992,41992,41992,41992,41992,41992,41992,41992,41992,41992,41992,41992,41992,41992,41992,41992,41992,41992,41992,42752,41992,41992,41992,42752,41992
csmith_77.bc,35368,35368,35368,35368,35368,35368,35368,35368,35368,35368,35368,35368,34184,35368,35368,35368,35368,35368,34728,35368,35368,35368,35368,35368,35368,35368,35368,35368,35368,35368,35368,35368,35368,35368,35368,35368,35368,35368,35368,35368,35368,35368,35368,35368,36008,35368,35368,35368,36008,35368
csmith_78.bc,166576,166576,166576,166576,166576,166576,158352,166576,166576,166576,166576,158352,156912,166576,166576,166576,166576,166576,165624,166576,166576,166576,166576,166576,166576,166576,166576,166576,166576,166576,166576,166576,166576,166576,166576,166576,166576,166576,166576,166576,166576,166576,166576,166576,168136,166576,166576,166576,168136,166576
csmith_79.bc,25640,25640,25640,25640,25640,25640,25640,25640,25640,25640,25640,25640,26328,25640,25640,25640,25640,25640,24768,25640,25640,25640,25640,25640,25640,25640,25640,25640,25640,25640,25640,25640,25640,25640,25640,25640,25640,25640,25640,25640,25640,25640,25640,25640,26072,25640,25640,25640,26072,25640
csmith_80.bc,73328,73328,73328,73328,73328,73328,73328,73328,73328,73328,73328,73328,71400,73328,73328,73328,73328,73328,73088,73328,73328,73328,73328,73328,73328,73328,73328,73328,73328,73328,73328,73328,73328,73328,73328,73328,73328,73328,73328,73328,73328,73328,73328,73328,73336,73328,73328,73328,73336,73328
csmith_81.bc,124792,124792,124792,124792,124792,124792,124280,124792,124792,124792,124792,124280,122776,124792,124792,124792,124792,124792,116256,124792,124792,124792,124792,124792,124792,124792,124792,124792,124792,124792,124792,124792,124792,124792,124792,124792,124792,124792,124792,124792,124792,124792,124792,124792,125056,124792,124792,124792,125056,124792
csmith_82.bc,47392,47392,47392,47392,47392,47392,47392,47392,47392,47392,47392,47392,46104,47392,47392,47392,47392,47392,46584,47392,47392,47392,47392,47392,47392,47392,47392,47392,47392,47392,47392,47392,47392,47392,47392,47392,47392,47392,47392,47392,47392,47392,47392,47392,48104,47392,47392,47392,48104,47392
csmith_83.bc,16400,16400,16400,16400,16400,16400,16400,16400,16400,16400,16400,16400,16360,16400,16400,16400,16400,16400,16360,16400,16400,16400,16400,16400,16400,16400,16400,16400,16400,16400,16400,16400,16400,16400,16400,16400,16400,16400,16400,16400,16400,16400,16400,16400,16400,16400,16400,16400,16400,16400
csmith_84.bc,16400,16400,16400,16400,16400,16400,16400,16400,16400,16400,16400,16400,16360,16400,16400,16400,16400,16400,16360,16400,16400,16400,16400,16400,16400,16400,16400,16400,16400,16400,16400,16400,16400,16400,16400,16400,16400,16400,16400,16400,16400,16400,16400,16400,16400,16400,16400,16400,16400,16400
csmith_85.bc,16552,16552,16552,16552,16552,16552,16552,16552,16552,16552,16552,16552,16552,16552,16552,16552,16552,16552,16552,16552,16552,16552,16552,16552,16552,16552,16552,16552,16552,16552,16552,16552,16552,16552,16552,16552,16552,16552,16552,16552,16552,16552,16552,16552,16568,16552,16552,16552,16568,16552
csmith_86.bc,114536,114536,114536,114536,114536,114536,114536,114536,114536,114536,114536,114536,101728,114536,114536,114536,114536,114536,102080,114536,114536,114536,114536,114536,114536,114536,114536,114536,114536,114536,114536,114536,114536,114536,114536,114536,114536,114536,114536,114536,114536,114536,114536,114536,114288,114536,114536,114536,114288,114536
csmith_87.bc,101152,101152,101152,101152,101152,101152,101152,101152,101152,101152,101152,101152,99040,101152,101152,101152,101152,101152,100832,101152,101152,101152,101152,101152,101152,101152,101152,101152,101152,101152,101152,101152,101152,101152,101152,101152,101152,101152,101152,101152,101152,101152,101152,101152,101072,101152,101152,101152,101072,101152
csmith_88.bc,30944,30944,30944,30944,30944,30944,30944,30944,30944,30944,30944,30944,32264,30944,30944,30944,30944,30944,30168,30944,30944,30944,30944,30944,30944,30944,30944,30944,30944,30944,30944,30944,30944,30944,30944,30944,30944,30944,30944,30944,30944,30944,30944,30944,31440,30944,30944,30944,31440,30944
csmith_89.bc,55488,55488,55488,55488,55488,55488,55488,55488,55488,55488,55488,55488,54912,55488,55488,55488,55488,55488,54992,55488,55488,55488,55488,55488,55488,55488,55488,55488,55488,55488,55488,55488,55488,55488,55488,55488,55488,55488,55488,55488,55488,55488,55488,55488,55648,55488,55488,55488,55648,55488
csmith_90.bc,46800,46800,46800,46800,46800,46800,46800,46800,46800,46800,46800,46800,44856,46800,46800,46800,46800,46800,46376,46800,46800,46800,46800,46800,46800,46800,46800,46800,46800,46800,46800,46800,46800,46800,46800,46800,46800,46800,46800,46800,46800,46800,46800,46800,47080,46800,46800,46800,47080,46800
csmith_91.bc,16808,16808,16808,16808,16808,16808,16808,16808,16808,16808,16808,16808,16784,16808,16808,16808,16808,16808,16784,16808,16808,16808,16808,16808,16808,16808,16808,16808,16808,16808,16808,16808,16808,16808,16808,16808,16808,16808,16808,16808,16808,16808,16808,16808,16856,16808,16808,16808,16856,16808
csmith_92.bc,16400,16400,16400,16400,16400,16400,16400,16400,16400,16400,16400,16400,16400,16400,16400,16400,16400,16400,16400,16400,16400,16400,16400,16400,16400,16400,16400,16400,16400,16400,16400,16400,16400,16400,16400,16400,16400,16400,16400,16400,16400,16400,16400,16400,16400,16400,16400,16400,16400,16400
csmith_93.bc,16512,16512,16512,16512,16512,16512,16512,16512,16512,16512,16512,16512,16456,16512,16512,16512,16512,16512,16512,16512,16512,16512,16512,16512,16512,16512,16512,16512,16512,16512,16512,16512,16512,16512,16512,16512,16512,16512,16512,16512,16512,16512,16512,16512,16520,16512,16512,16512,16520,16512
csmith_94.bc,19696,19696,19696,19696,19696,19696,19696,19696,19696,19696,19696,19696,18784,19696,19696,19696,19696,19696,18880,19696,19696,19696,19696,19696,19696,19696,19696,19696,19696,19696,19696,19696,19696,19696,19696,19696,19696,19696,19696,19696,19696,19696,19696,19696,19992,19696,19696,19696,19992,19696
csmith_95.bc,18744,18744,18744,18744,18744,18744,18744,18744,18744,18744,18744,18744,17600,18744,18744,18744,18744,18744,17904,18744,18744,18744,18744,18744,18744,18744,18744,18744,18744,18744,18744,18744,18744,18744,18744,18744,18744,18744,18744,18744,18744,18744,18744,18744,19048,18744,18744,18744,19048,18744
csmith_96.bc,16304,16304,16304,16304,16304,16304,16304,16304,16304,16304,16304,16304,16232,16304,16304,16304,16304,16304,16264,16304,16304,16304,16304,16304,16304,16304,16304,16304,16304,16304,16304,16304,16304,16304,16304,16304,16304,16304,16304,16304,16304,16304,16304,16304,16296,16304,16304,16304,16296,16304
csmith_97.bc,25264,25264,25264,25264,25264,25264,25264,25264,25264,25264,25264,25264,23240,25264,25264,25264,25264,25264,24120,25264,25264,25264,25264,25264,25264,25264,25264,25264,25264,25264,25264,25264,25264,25264,25264,25264,25264,25264,25264,25264,25264,25264,25264,25264,25688,25264,25264,25264,25688,25264
csmith_98.bc,17240,17240,17240,17240,17240,17240,17240,17240,17240,17240,17240,17240,17216,17240,17240,17240,17240,17240,17240,17240,17240,17240,17240,17240,17240,17240,17240,17240,17240,17240,17240,17240,17240,17240,17240,17240,17240,17240,17240,17240,17240,17240,17240,17240,17112,17240,17240,17240,17112,17240
csmith_99.bc,23408,23408,23408,23408,23408,23408,23408,23408,23408,23408,23408,23408,21680,23408,23408,23408,23408,23408,22936,23408,23408,23408,23408,23408,23408,23408,23408,23408,23408,23408,23408,23408,23408,23408,23408,23408,23408,23408,23408,23408,23408,23408,23408,23408,23712,23408,23408,23408,23712,23408
yarpgen_01.bc,16280,16280,16280,16280,16280,16280,16280,16280,16280,16280,16280,16280,16280,16280,16280,16280,16280,16280,16280,16280,16280,16280,16280,16280,16280,16280,16280,16280,16280,16280,16280,16280,16280,16280,16280,16280,16280,16280,16280,16280,16280,16280,16280,16280,16280,16280,16280,16280,16280,16280
yarpgen_02.bc,16344,16344,16344,16344,16344,16344,16344,16344,16344,16344,16344,16344,16344,16344,16344,16344,16344,16344,16344,16344,16344,16344,16344,16344,16344,16344,16344,16344,16344,16344,16344,16344,16344,16344,16344,16344,16344,16344,16344,16344,16344,16344,16344,16344,16344,16344,16344,16344,16344,16344
yarpgen_03.bc,16304,16304,16304,16304,16304,16304,16304,16304,16304,16304,16304,16304,16304,16304,16304,16304,16304,16304,16304,16304,16304,16304,16304,16304,16304,16304,16304,16304,16304,16304,16304,16304,16304,16304,16304,16304,16304,16304,16304,16304,16304,16304,16304,16304,16304,16304,16304,16304,16304,16304
yarpgen_04.bc,16280,16280,16280,16280,16280,16280,16280,16280,16280,16280,16280,16280,16280,16280,16280,16280,16280,16280,16280,16280,16280,16280,16280,16280,16280,16280,16280,16280,16280,16280,16280,16280,16280,16280,16280,16280,16280,16280,16280,16280,16280,16280,16280,16280,16280,16280,16280,16280,16280,16280
yarpgen_05.bc,21512,21512,21512,21512,21512,21512,21512,21512,21512,21512,21512,21512,21512,21512,21512,21512,21512,21512,21512,21512,21512,21512,21512,21512,21512,21512,21512,21512,21512,21512,21512,21512,21512,21512,21512,21512,21512,21512,21512,21512,21512,21512,21512,21512,21512,21512,21512,21512,21512,21512
yarpgen_06.bc,16568,16568,16568,16568,16568,16568,16568,16568,16568,16568,16568,16568,16568,16568,16568,16568,16568,16568,16568,16568,16568,16568,16568,16568,16568,16568,16568,16568,16568,16568,16568,16568,16568,16568,16568,16568,16568,16568,16568,16568,16568,16568,16568,16568,16568,16568,16568,16568,16568,16568
yarpgen_07.bc,16760,16760,16760,16760,16760,16760,16760,16760,16760,16760,16760,16760,16760,16760,16760,16760,16760,16760,16760,16760,16760,16760,16760,16760,16760,16760,16760,16760,16760,16760,16760,16760,16760,16760,16760,16760,16760,16760,16760,16760,16760,16760,16760,16760,16760,16760,16760,16760,16760,16760
yarpgen_08.bc,132352,132352,132352,132352,132352,132352,132352,132352,132352,132352,132352,132352,132352,132352,132352,132352,132352,132352,132352,132352,132352,132352,132352,132352,132352,132352,132352,132352,132352,132352,132352,132352,132352,132352,132352,132352,132352,132352,132352,132352,132352,132352,132352,132352,132352,132352,132352,132352,132352,132352
yarpgen_09.bc,16176,16176,16176,16176,16176,16176,16176,16176,16176,16176,16176,16176,16176,16176,16176,16176,16176,16176,16176,16176,16176,16176,16176,16176,16176,16176,16176,16176,16176,16176,16176,16176,16176,16176,16176,16176,16176,16176,16176,16176,16176,16176,16176,16176,16176,16176,16176,16176,16176,16176
yarpgen_100.bc,180192,180192,180192,180192,180192,180192,180192,180192,180192,180192,180192,180192,180192,180192,180192,180192,180192,180192,180192,180192,180192,180192,180192,180192,180192,180192,180192,180192,180192,180192,180192,180192,180192,180192,180192,180192,180192,180192,180192,180192,180192,180192,180192,180192,180192,180192,180192,180192,180192,180192
yarpgen_10.bc,30896,30896,30896,30896,30896,30896,30896,30896,30896,30896,30896,30896,30896,30896,30896,30896,30896,30896,30896,30896,30896,30896,30896,30896,30896,30896,30896,30896,30896,30896,30896,30896,30896,30896,30896,30896,30896,30896,30896,30896,30896,30896,30896,30896,30896,30896,30896,30896,30896,30896
yarpgen_11.bc,16536,16536,16536,16536,16536,16536,16536,16536,16536,16536,16536,16536,16536,16536,16536,16536,16536,16536,16536,16536,16536,16536,16536,16536,16536,16536,16536,16536,16536,16536,16536,16536,16536,16536,16536,16536,16536,16536,16536,16536,16536,16536,16536,16536,16536,16536,16536,16536,16536,16536
yarpgen_12.bc,31040,31040,31040,31040,31040,31040,31040,31040,31040,31040,31040,31040,31040,31040,31040,31040,31040,31040,31040,31040,31040,31040,31040,31040,31040,31040,31040,31040,31040,31040,31040,31040,31040,31040,31040,31040,31040,31040,31040,31040,31040,31040,31040,31040,31040,31040,31040,31040,31040,31040
yarpgen_13.bc,16168,16168,16168,16168,16168,16168,16168,16168,16168,16168,16168,16168,16168,16168,16168,16168,16168,16168,16168,16168,16168,16168,16168,16168,16168,16168,16168,16168,16168,16168,16168,16168,16168,16168,16168,16168,16168,16168,16168,16168,16168,16168,16168,16168,16168,16168,16168,16168,16168,16168
yarpgen_14.bc,16592,16592,16592,16592,16592,16592,16592,16592,16592,16592,16592,16592,16592,16592,16592,16592,16592,16592,16592,16592,16592,16592,16592,16592,16592,16592,16592,16592,16592,16592,16592,16592,16592,16592,16592,16592,16592,16592,16592,16592,16592,16592,16592,16592,16592,16592,16592,16592,16592,16592
yarpgen_15.bc,17128,17128,17128,17128,17128,17128,17128,17128,17128,17128,17128,17128,17128,17128,17128,17128,17128,17128,17128,17128,17128,17128,17128,17128,17128,17128,17128,17128,17128,17128,17128,17128,17128,17128,17128,17128,17128,17128,17128,17128,17128,17128,17128,17128,17128,17128,17128,17128,17128,17128
yarpgen_16.bc,110128,110128,110128,110128,110128,110128,110128,110128,110128,110128,110128,110128,110128,110128,110128,110128,110128,110128,106032,110128,110128,110128,110128,110128,110128,110128,110128,110128,110128,110128,110128,110128,110128,110128,110128,110128,110128,110128,110128,110128,110128,110128,110128,110128,110128,110128,110128,110128,110128,110128
yarpgen_17.bc,26856,26856,26856,26856,26856,26856,26856,26856,26856,26856,26856,26856,26856,26856,26856,26856,26856,26856,26856,26856,26856,26856,26856,26856,26856,26856,26856,26856,26856,26856,26856,26856,26856,26856,26856,26856,26856,26856,26856,26856,26856,26856,26856,26856,26856,26856,26856,26856,26856,26856
yarpgen_18.bc,16616,16616,16616,16616,16616,16616,16616,16616,16616,16616,16616,16616,16616,16616,16616,16616,16616,16616,16616,16616,16616,16616,16616,16616,16616,16616,16616,16616,16616,16616,16616,16616,16616,16616,16616,16616,16616,16616,16616,16616,16616,16616,16616,16616,16616,16616,16616,16616,16616,16616
yarpgen_19.bc,21736,21736,21736,21736,21736,21736,21736,21736,21736,21736,21736,21736,21736,21736,21736,21736,21736,21736,21736,21736,21736,21736,21736,21736,21736,21736,21736,21736,21736,21736,21736,21736,21736,21736,21736,21736,21736,21736,21736,21736,21736,21736,21736,21736,21736,21736,21736,21736,21736,21736
yarpgen_20.bc,17064,17064,17064,17064,17064,17064,17064,17064,17064,17064,17064,17064,17064,17064,17064,17064,17064,17064,17064,17064,17064,17064,17064,17064,17064,17064,17064,17064,17064,17064,17064,17064,17064,17064,17064,17064,17064,17064,17064,17064,17064,17064,17064,17064,17064,17064,17064,17064,17064,17064
yarpgen_21.bc,16216,16216,16216,16216,16216,16216,16216,16216,16216,16216,16216,16216,16216,16216,16216,16216,16216,16216,16216,16216,16216,16216,16216,16216,16216,16216,16216,16216,16216,16216,16216,16216,16216,16216,16216,16216,16216,16216,16216,16216,16216,16216,16216,16216,16216,16216,16216,16216,16216,16216
yarpgen_22.bc,16392,16392,16392,16392,16392,16392,16392,16392,16392,16392,16392,16392,16392,16392,16392,16392,16392,16392,16392,16392,16392,16392,16392,16392,16392,16392,16392,16392,16392,16392,16392,16392,16392,16392,16392,16392,16392,16392,16392,16392,16392,16392,16392,16392,16392,16392,16392,16392,16392,16392
yarpgen_23.bc,16160,16160,16160,16160,16160,16160,16160,16160,16160,16160,16160,16160,16160,16160,16160,16160,16160,16160,16160,16160,16160,16160,16160,16160,16160,16160,16160,16160,16160,16160,16160,16160,16160,16160,16160,16160,16160,16160,16160,16160,16160,16160,16160,16160,16160,16160,16160,16160,16160,16160
yarpgen_24.bc,16760,16760,16760,16760,16760,16760,16760,16760,16760,16760,16760,16760,16760,16760,16760,16760,16760,16760,16760,16760,16760,16760,16760,16760,16760,16760,16760,16760,16760,16760,16760,16760,16760,16760,16760,16760,16760,16760,16760,16760,16760,16760,16760,16760,16760,16760,16760,16760,16760,16760
yarpgen_25.bc,16968,16968,16968,16968,16968,16968,16968,16968,16968,16968,16968,16968,16968,16968,16968,16968,16968,16968,16968,16968,16968,16968,16968,16968,16968,16968,16968,16968,16968,16968,16968,16968,16968,16968,16968,16968,16968,16968,16968,16968,16968,16968,16968,16968,16968,16968,16968,16968,16968,16968
yarpgen_26.bc,181240,181240,181240,181240,181240,181240,181240,181240,181240,181240,181240,181240,181240,181240,181240,181240,181240,181240,140280,181240,181240,181240,181240,181240,181240,181240,181240,181240,181240,181240,181240,181240,181240,181240,181240,181240,181240,181240,181240,181240,181240,181240,181240,181240,181240,181240,181240,181240,181240,181240
yarpgen_27.bc,21440,21440,21440,21440,21440,21440,21440,21440,21440,21440,21440,21440,21440,21440,21440,21440,21440,21440,21440,21440,21440,21440,21440,21440,21440,21440,21440,21440,21440,21440,21440,21440,21440,21440,21440,21440,21440,21440,21440,21440,21440,21440,21440,21440,21440,21440,21440,21440,21440,21440
yarpgen_28.bc,16816,16816,16816,16816,16816,16816,16816,16816,16816,16816,16816,16816,16816,16816,16816,16816,16816,16816,16816,16816,16816,16816,16816,16816,16816,16816,16816,16816,16816,16816,16816,16816,16816,16816,16816,16816,16816,16816,16816,16816,16816,16816,16816,16816,16816,16816,16816,16816,16816,16816
yarpgen_29.bc,200648,200648,200648,200648,200648,200648,200648,200648,200648,200648,200648,200648,200648,200648,200648,200648,200648,200648,200648,200648,200648,200648,200648,200648,200648,200648,200648,200648,200648,200648,200648,200648,200648,200648,200648,200648,200648,200648,200648,200648,200648,200648,200648,200648,200648,200648,200648,200648,200648,200648
yarpgen_30.bc,16416,16416,16416,16416,16416,16416,16416,16416,16416,16416,16416,16416,16416,16416,16416,16416,16416,16416,16416,16416,16416,16416,16416,16416,16416,16416,16416,16416,16416,16416,16416,16416,16416,16416,16416,16416,16416,16416,16416,16416,16416,16416,16416,16416,16416,16416,16416,16416,16416,16416
yarpgen_31.bc,16232,16232,16232,16232,16232,16232,16232,16232,16232,16232,16232,16232,16232,16232,16232,16232,16232,16232,16232,16232,16232,16232,16232,16232,16232,16232,16232,16232,16232,16232,16232,16232,16232,16232,16232,16232,16232,16232,16232,16232,16232,16232,16232,16232,16232,16232,16232,16232,16232,16232
yarpgen_32.bc,26440,26440,26440,26440,26440,26440,26440,26440,26440,26440,26440,26440,26440,26440,26440,26440,26440,26440,26440,26440,26440,26440,26440,26440,26440,26440,26440,26440,26440,26440,26440,26440,26440,26440,26440,26440,26440,26440,26440,26440,26440,26440,26440,26440,26440,26440,26440,26440,26440,26440
yarpgen_33.bc,16896,16896,16896,16896,16896,16896,16896,16896,16896,16896,16896,16896,16896,16896,16896,16896,16896,16896,16896,16896,16896,16896,16896,16896,16896,16896,16896,16896,16896,16896,16896,16896,16896,16896,16896,16896,16896,16896,16896,16896,16896,16896,16896,16896,16896,16896,16896,16896,16896,16896
yarpgen_34.bc,16744,16744,16744,16744,16744,16744,16744,16744,16744,16744,16744,16744,16744,16744,16744,16744,16744,16744,16744,16744,16744,16744,16744,16744,16744,16744,16744,16744,16744,16744,16744,16744,16744,16744,16744,16744,16744,16744,16744,16744,16744,16744,16744,16744,16744,16744,16744,16744,16744,16744
yarpgen_35.bc,93328,93328,93328,93328,93328,93328,93328,93328,93328,93328,93328,93328,93328,93328,93328,93328,93328,93328,93328,93328,93328,93328,93328,93328,93328,93328,93328,93328,93328,93328,93328,93328,93328,93328,93328,93328,93328,93328,93328,93328,93328,93328,93328,93328,93328,93328,93328,93328,93328,93328
yarpgen_36.bc,21648,21648,21648,21648,21648,21648,21648,21648,21648,21648,21648,21648,21648,21648,21648,21648,21648,21648,21648,21648,21648,21648,21648,21648,21648,21648,21648,21648,21648,21648,21648,21648,21648,21648,21648,21648,21648,21648,21648,21648,21648,21648,21648,21648,21648,21648,21648,21648,21648,21648
yarpgen_37.bc,16680,16680,16680,16680,16680,16680,16680,16680,16680,16680,16680,16680,16680,16680,16680,16680,16680,16680,16680,16680,16680,16680,16680,16680,16680,16680,16680,16680,16680,16680,16680,16680,16680,16680,16680,16680,16680,16680,16680,16680,16680,16680,16680,16680,16680,16680,16680,16680,16680,16680
yarpgen_38.bc,16536,16536,16536,16536,16536,16536,16536,16536,16536,16536,16536,16536,16536,16536,16536,16536,16536,16536,16536,16536,16536,16536,16536,16536,16536,16536,16536,16536,16536,16536,16536,16536,16536,16536,16536,16536,16536,16536,16536,16536,16536,16536,16536,16536,16536,16536,16536,16536,16536,16536
yarpgen_39.bc,30720,30720,30720,30720,30720,30720,30720,30720,30720,30720,30720,30720,30720,30720,30720,30720,30720,30720,30720,30720,30720,30720,30720,30720,30720,30720,30720,30720,30720,30720,30720,30720,30720,30720,30720,30720,30720,30720,30720,30720,30720,30720,30720,30720,30720,30720,30720,30720,30720,30720
yarpgen_40.bc,16952,16952,16952,16952,16952,16952,16952,16952,16952,16952,16952,16952,16952,16952,16952,16952,16952,16952,16952,16952,16952,16952,16952,16952,16952,16952,16952,16952,16952,16952,16952,16952,16952,16952,16952,16952,16952,16952,16952,16952,16952,16952,16952,16952,16952,16952,16952,16952,16952,16952
yarpgen_41.bc,16496,16496,16496,16496,16496,16496,16496,16496,16496,16496,16496,16496,16496,16496,16496,16496,16496,16496,16496,16496,16496,16496,16496,16496,16496,16496,16496,16496,16496,16496,16496,16496,16496,16496,16496,16496,16496,16496,16496,16496,16496,16496,16496,16496,16496,16496,16496,16496,16496,16496
yarpgen_42.bc,16528,16528,16528,16528,16528,16528,16528,16528,16528,16528,16528,16528,16528,16528,16528,16528,16528,16528,16528,16528,16528,16528,16528,16528,16528,16528,16528,16528,16528,16528,16528,16528,16528,16528,16528,16528,16528,16528,16528,16528,16528,16528,16528,16528,16528,16528,16528,16528,16528,16528
yarpgen_43.bc,21224,21224,21224,21224,21224,21224,21224,21224,21224,21224,21224,21224,21224,21224,21224,21224,21224,21224,21224,21224,21224,21224,21224,21224,21224,21224,21224,21224,21224,21224,21224,21224,21224,21224,21224,21224,21224,21224,21224,21224,21224,21224,21224,21224,21224,21224,21224,21224,21224,21224
yarpgen_44.bc,16256,16256,16256,16256,16256,16256,16256,16256,16256,16256,16256,16256,16256,16256,16256,16256,16256,16256,16256,16256,16256,16256,16256,16256,16256,16256,16256,16256,16256,16256,16256,16256,16256,16256,16256,16256,16256,16256,16256,16256,16256,16256,16256,16256,16256,16256,16256,16256,16256,16256
yarpgen_45.bc,16808,16808,16808,16808,16808,16808,16808,16808,16808,16808,16808,16808,16808,16808,16808,16808,16808,16808,16808,16808,16808,16808,16808,16808,16808,16808,16808,16808,16808,16808,16808,16808,16808,16808,16808,16808,16808,16808,16808,16808,16808,16808,16808,16808,16808,16808,16808,16808,16808,16808
yarpgen_46.bc,26488,26488,26488,26488,26488,26488,26488,26488,26488,26488,26488,26488,26488,26488,26488,26488,26488,26488,26488,26488,26488,26488,26488,26488,26488,26488,26488,26488,26488,26488,26488,26488,26488,26488,26488,26488,26488,26488,26488,26488,26488,26488,26488,26488,26488,26488,26488,26488,26488,26488
yarpgen_47.bc,16208,16208,16208,16208,16208,16208,16208,16208,16208,16208,16208,16208,16208,16208,16208,16208,16208,16208,16208,16208,16208,16208,16208,16208,16208,16208,16208,16208,16208,16208,16208,16208,16208,16208,16208,16208,16208,16208,16208,16208,16208,16208,16208,16208,16208,16208,16208,16208,16208,16208
yarpgen_48.bc,48424,48424,48424,48424,48424,48424,48424,48424,48424,48424,48424,48424,48424,48424,48424,48424,48424,48424,48424,48424,48424,48424,48424,48424,48424,48424,48424,48424,48424,48424,48424,48424,48424,48424,48424,48424,48424,48424,48424,48424,48424,48424,48424,48424,48424,48424,48424,48424,48424,48424
yarpgen_49.bc,136800,136800,136800,136800,136800,136800,136800,136800,136800,136800,136800,136800,136800,136800,136800,136800,136800,136800,136800,136800,136800,136800,136800,136800,136800,136800,136800,136800,136800,136800,136800,136800,136800,136800,136800,136800,136800,136800,136800,136800,136800,136800,136800,136800,136800,136800,136800,136800,136800,136800
yarpgen_50.bc,34864,34864,34864,34864,34864,34864,34864,34864,34864,34864,34864,34864,34864,34864,34864,34864,34864,34864,34864,34864,34864,34864,34864,34864,34864,34864,34864,34864,34864,34864,34864,34864,34864,34864,34864,34864,34864,34864,34864,34864,34864,34864,34864,34864,34864,34864,34864,34864,34864,34864
yarpgen_51.bc,16624,16624,16624,16624,16624,16624,16624,16624,16624,16624,16624,16624,16624,16624,16624,16624,16624,16624,16624,16624,16624,16624,16624,16624,16624,16624,16624,16624,16624,16624,16624,16624,16624,16624,16624,16624,16624,16624,16624,16624,16624,16624,16624,16624,16624,16624,16624,16624,16624,16624
yarpgen_52.bc,21760,21760,21760,21760,21760,21760,21760,21760,21760,21760,21760,21760,21760,21760,21760,21760,21760,21760,21760,21760,21760,21760,21760,21760,21760,21760,21760,21760,21760,21760,21760,21760,21760,21760,21760,21760,21760,21760,21760,21760,21760,21760,21760,21760,21760,21760,21760,21760,21760,21760
yarpgen_53.bc,16328,16328,16328,16328,16328,16328,16328,16328,16328,16328,16328,16328,16328,16328,16328,16328,16328,16328,16328,16328,16328,16328,16328,16328,16328,16328,16328,16328,16328,16328,16328,16328,16328,16328,16328,16328,16328,16328,16328,16328,16328,16328,16328,16328,16328,16328,16328,16328,16328,16328
yarpgen_54.bc,87928,87928,87928,87928,87928,87928,87928,87928,87928,87928,87928,87928,87928,87928,87928,87928,87928,87928,87928,87928,87928,87928,87928,87928,87928,87928,87928,87928,87928,87928,87928,87928,87928,87928,87928,87928,87928,87928,87928,87928,87928,87928,87928,87928,87928,87928,87928,87928,87928,87928
yarpgen_55.bc,16208,16208,16208,16208,16208,16208,16208,16208,16208,16208,16208,16208,16208,16208,16208,16208,16208,16208,16208,16208,16208,16208,16208,16208,16208,16208,16208,16208,16208,16208,16208,16208,16208,16208,16208,16208,16208,16208,16208,16208,16208,16208,16208,16208,16208,16208,16208,16208,16208,16208
yarpgen_56.bc,16368,16368,16368,16368,16368,16368,16368,16368,16368,16368,16368,16368,16368,16368,16368,16368,16368,16368,16368,16368,16368,16368,16368,16368,16368,16368,16368,16368,16368,16368,16368,16368,16368,16368,16368,16368,16368,16368,16368,16368,16368,16368,16368,16368,16368,16368,16368,16368,16368,16368
yarpgen_57.bc,17032,17032,17032,17032,17032,17032,17032,17032,17032,17032,17032,17032,17032,17032,17032,17032,17032,17032,17032,17032,17032,17032,17032,17032,17032,17032,17032,17032,17032,17032,17032,17032,17032,17032,17032,17032,17032,17032,17032,17032,17032,17032,17032,17032,17032,17032,17032,17032,17032,17032
yarpgen_58.bc,16256,16256,16256,16256,16256,16256,16256,16256,16256,16256,16256,16256,16256,16256,16256,16256,16256,16256,16256,16256,16256,16256,16256,16256,16256,16256,16256,16256,16256,16256,16256,16256,16256,16256,16256,16256,16256,16256,16256,16256,16256,16256,16256,16256,16256,16256,16256,16256,16256,16256
yarpgen_59.bc,16320,16320,16320,16320,16320,16320,16320,16320,16320,16320,16320,16320,16320,16320,16320,16320,16320,16320,16320,16320,16320,16320,16320,16320,16320,16320,16320,16320,16320,16320,16320,16320,16320,16320,16320,16320,16320,16320,16320,16320,16320,16320,16320,16320,16320,16320,16320,16320,16320,16320
yarpgen_60.bc,121576,121576,121576,121576,121576,121576,121576,121576,121576,121576,121576,121576,121576,121576,121576,121576,121576,121576,121576,121576,121576,121576,121576,121576,121576,121576,121576,121576,121576,121576,121576,121576,121576,121576,121576,121576,121576,121576,121576,121576,121576,121576,121576,121576,121576,121576,121576,121576,121576,121576
yarpgen_61.bc,16680,16680,16680,16680,16680,16680,16680,16680,16680,16680,16680,16680,16680,16680,16680,16680,16680,16680,16680,16680,16680,16680,16680,16680,16680,16680,16680,16680,16680,16680,16680,16680,16680,16680,16680,16680,16680,16680,16680,16680,16680,16680,16680,16680,16680,16680,16680,16680,16680,16680
yarpgen_62.bc,16384,16384,16384,16384,16384,16384,16384,16384,16384,16384,16384,16384,16384,16384,16384,16384,16384,16384,16384,16384,16384,16384,16384,16384,16384,16384,16384,16384,16384,16384,16384,16384,16384,16384,16384,16384,16384,16384,16384,16384,16384,16384,16384,16384,16384,16384,16384,16384,16384,16384
yarpgen_63.bc,21312,21312,21312,21312,21312,21312,21312,21312,21312,21312,21312,21312,21312,21312,21312,21312,21312,21312,21312,21312,21312,21312,21312,21312,21312,21312,21312,21312,21312,21312,21312,21312,21312,21312,21312,21312,21312,21312,21312,21312,21312,21312,21312,21312,21312,21312,21312,21312,21312,21312
yarpgen_64.bc,16944,16944,16944,16944,16944,16944,16944,16944,16944,16944,16944,16944,16944,16944,16944,16944,16944,16944,16944,16944,16944,16944,16944,16944,16944,16944,16944,16944,16944,16944,16944,16944,16944,16944,16944,16944,16944,16944,16944,16944,16944,16944,16944,16944,16944,16944,16944,16944,16944,16944
yarpgen_65.bc,102304,102304,102304,102304,102304,102304,102304,102304,102304,102304,102304,102304,102304,102304,102304,102304,102304,102304,102304,102304,102304,102304,102304,102304,102304,102304,102304,102304,102304,102304,102304,102304,102304,102304,102304,102304,102304,102304,102304,102304,102304,102304,102304,102304,102304,102304,102304,102304,102304,102304
yarpgen_66.bc,137312,137312,137312,137312,137312,137312,137312,137312,137312,137312,137312,137312,137312,137312,137312,137312,137312,137312,137312,137312,137312,137312,137312,137312,137312,137312,137312,137312,137312,137312,137312,137312,137312,137312,137312,137312,137312,137312,137312,137312,137312,137312,137312,137312,137312,137312,137312,137312,137312,137312
yarpgen_67.bc,16576,16576,16576,16576,16576,16576,16576,16576,16576,16576,16576,16576,16576,16576,16576,16576,16576,16576,16576,16576,16576,16576,16576,16576,16576,16576,16576,16576,16576,16576,16576,16576,16576,16576,16576,16576,16576,16576,16576,16576,16576,16576,16576,16576,16576,16576,16576,16576,16576,16576
yarpgen_68.bc,16248,16248,16248,16248,16248,16248,16248,16248,16248,16248,16248,16248,16248,16248,16248,16248,16248,16248,16248,16248,16248,16248,16248,16248,16248,16248,16248,16248,16248,16248,16248,16248,16248,16248,16248,16248,16248,16248,16248,16248,16248,16248,16248,16248,16248,16248,16248,16248,16248,16248
yarpgen_69.bc,25920,25920,25920,25920,25920,25920,25920,25920,25920,25920,25920,25920,25920,25920,25920,25920,25920,25920,25920,25920,25920,25920,25920,25920,25920,25920,25920,25920,25920,25920,25920,25920,25920,25920,25920,25920,25920,25920,25920,25920,25920,25920,25920,25920,25920,25920,25920,25920,25920,25920
yarpgen_70.bc,35616,35616,35616,35616,35616,35616,35616,35616,35616,35616,35616,35616,35616,35616,35616,35616,35616,35616,35616,35616,35616,35616,35616,35616,35616,35616,35616,35616,35616,35616,35616,35616,35616,35616,35616,35616,35616,35616,35616,35616,35616,35616,35616,35616,35616,35616,35616,35616,35616,35616
yarpgen_71.bc,16200,16200,16200,16200,16200,16200,16200,16200,16200,16200,16200,16200,16200,16200,16200,16200,16200,16200,16200,16200,16200,16200,16200,16200,16200,16200,16200,16200,16200,16200,16200,16200,16200,16200,16200,16200,16200,16200,16200,16200,16200,16200,16200,16200,16200,16200,16200,16200,16200,16200
yarpgen_72.bc,16272,16272,16272,16272,16272,16272,16272,16272,16272,16272,16272,16272,16272,16272,16272,16272,16272,16272,16272,16272,16272,16272,16272,16272,16272,16272,16272,16272,16272,16272,16272,16272,16272,16272,16272,16272,16272,16272,16272,16272,16272,16272,16272,16272,16272,16272,16272,16272,16272,16272
yarpgen_73.bc,16480,16480,16480,16480,16480,16480,16480,16480,16480,16480,16480,16480,16480,16480,16480,16480,16480,16480,16480,16480,16480,16480,16480,16480,16480,16480,16480,16480,16480,16480,16480,16480,16480,16480,16480,16480,16480,16480,16480,16480,16480,16480,16480,16480,16480,16480,16480,16480,16480,16480
yarpgen_74.bc,16344,16344,16344,16344,16344,16344,16344,16344,16344,16344,16344,16344,16344,16344,16344,16344,16344,16344,16344,16344,16344,16344,16344,16344,16344,16344,16344,16344,16344,16344,16344,16344,16344,16344,16344,16344,16344,16344,16344,16344,16344,16344,16344,16344,16344,16344,16344,16344,16344,16344
yarpgen_75.bc,17408,17408,17408,17408,17408,17408,17408,17408,17408,17408,17408,17408,17408,17408,17408,17408,17408,17408,17408,17408,17408,17408,17408,17408,17408,17408,17408,17408,17408,17408,17408,17408,17408,17408,17408,17408,17408,17408,17408,17408,17408,17408,17408,17408,17408,17408,17408,17408,17408,17408
yarpgen_76.bc,35448,35448,35448,35448,35448,35448,35448,35448,35448,35448,35448,35448,35448,35448,35448,35448,35448,35448,35448,35448,35448,35448,35448,35448,35448,35448,35448,35448,35448,35448,35448,35448,35448,35448,35448,35448,35448,35448,35448,35448,35448,35448,35448,35448,35448,35448,35448,35448,35448,35448
yarpgen_77.bc,16456,16456,16456,16456,16456,16456,16456,16456,16456,16456,16456,16456,16456,16456,16456,16456,16456,16456,16456,16456,16456,16456,16456,16456,16456,16456,16456,16456,16456,16456,16456,16456,16456,16456,16456,16456,16456,16456,16456,16456,16456,16456,16456,16456,16456,16456,16456,16456,16456,16456
yarpgen_78.bc,61912,61912,61912,61912,61912,61912,61912,61912,61912,61912,61912,61912,61912,61912,61912,61912,61912,61912,61912,61912,61912,61912,61912,61912,61912,61912,61912,61912,61912,61912,61912,61912,61912,61912,61912,61912,61912,61912,61912,61912,61912,61912,61912,61912,61912,61912,61912,61912,61912,61912
yarpgen_79.bc,16752,16752,16752,16752,16752,16752,16752,16752,16752,16752,16752,16752,16752,16752,16752,16752,16752,16752,16752,16752,16752,16752,16752,16752,16752,16752,16752,16752,16752,16752,16752,16752,16752,16752,16752,16752,16752,16752,16752,16752,16752,16752,16752,16752,16752,16752,16752,16752,16752,16752
yarpgen_80.bc,16544,16544,16544,16544,16544,16544,16544,16544,16544,16544,16544,16544,16544,16544,16544,16544,16544,16544,16544,16544,16544,16544,16544,16544,16544,16544,16544,16544,16544,16544,16544,16544,16544,16544,16544,16544,16544,16544,16544,16544,16544,16544,16544,16544,16544,16544,16544,16544,16544,16544
yarpgen_81.bc,16320,16320,16320,16320,16320,16320,16320,16320,16320,16320,16320,16320,16320,16320,16320,16320,16320,16320,16320,16320,16320,16320,16320,16320,16320,16320,16320,16320,16320,16320,16320,16320,16320,16320,16320,16320,16320,16320,16320,16320,16320,16320,16320,16320,16320,16320,16320,16320,16320,16320
yarpgen_82.bc,16168,16168,16168,16168,16168,16168,16168,16168,16168,16168,16168,16168,16168,16168,16168,16168,16168,16168,16168,16168,16168,16168,16168,16168,16168,16168,16168,16168,16168,16168,16168,16168,16168,16168,16168,16168,16168,16168,16168,16168,16168,16168,16168,16168,16168,16168,16168,16168,16168,16168
yarpgen_83.bc,16280,16280,16280,16280,16280,16280,16280,16280,16280,16280,16280,16280,16280,16280,16280,16280,16280,16280,16280,16280,16280,16280,16280,16280,16280,16280,16280,16280,16280,16280,16280,16280,16280,16280,16280,16280,16280,16280,16280,16280,16280,16280,16280,16280,16280,16280,16280,16280,16280,16280
yarpgen_84.bc,156792,156792,156792,156792,156792,156792,156792,156792,156792,156792,156792,156792,156792,156792,156792,156792,156792,156792,156792,156792,156792,156792,156792,156792,156792,156792,156792,156792,156792,156792,156792,156792,156792,156792,156792,156792,156792,156792,156792,156792,156792,156792,156792,156792,156792,156792,156792,156792,156792,156792
yarpgen_85.bc,16288,16288,16288,16288,16288,16288,16288,16288,16288,16288,16288,16288,16288,16288,16288,16288,16288,16288,16288,16288,16288,16288,16288,16288,16288,16288,16288,16288,16288,16288,16288,16288,16288,16288,16288,16288,16288,16288,16288,16288,16288,16288,16288,16288,16288,16288,16288,16288,16288,16288
yarpgen_86.bc,39936,39936,39936,39936,39936,39936,39936,39936,39936,39936,39936,39936,39936,39936,39936,39936,39936,39936,35840,39936,39936,39936,39936,39936,39936,39936,39936,39936,39936,39936,39936,39936,39936,39936,39936,39936,39936,39936,39936,39936,39936,39936,39936,39936,39936,39936,39936,39936,39936,39936
yarpgen_87.bc,16760,16760,16760,16760,16760,16760,16760,16760,16760,16760,16760,16760,16760,16760,16760,16760,16760,16760,16760,16760,16760,16760,16760,16760,16760,16760,16760,16760,16760,16760,16760,16760,16760,16760,16760,16760,16760,16760,16760,16760,16760,16760,16760,16760,16760,16760,16760,16760,16760,16760
yarpgen_88.bc,16408,16408,16408,16408,16408,16408,16408,16408,16408,16408,16408,16408,16408,16408,16408,16408,16408,16408,16408,16408,16408,16408,16408,16408,16408,16408,16408,16408,16408,16408,16408,16408,16408,16408,16408,16408,16408,16408,16408,16408,16408,16408,16408,16408,16408,16408,16408,16408,16408,16408
yarpgen_89.bc,16144,16144,16144,16144,16144,16144,16144,16144,16144,16144,16144,16144,16144,16144,16144,16144,16144,16144,16144,16144,16144,16144,16144,16144,16144,16144,16144,16144,16144,16144,16144,16144,16144,16144,16144,16144,16144,16144,16144,16144,16144,16144,16144,16144,16144,16144,16144,16144,16144,16144
yarpgen_90.bc,16272,16272,16272,16272,16272,16272,16272,16272,16272,16272,16272,16272,16272,16272,16272,16272,16272,16272,16272,16272,16272,16272,16272,16272,16272,16272,16272,16272,16272,16272,16272,16272,16272,16272,16272,16272,16272,16272,16272,16272,16272,16272,16272,16272,16272,16272,16272,16272,16272,16272
yarpgen_91.bc,16256,16256,16256,16256,16256,16256,16256,16256,16256,16256,16256,16256,16256,16256,16256,16256,16256,16256,16256,16256,16256,16256,16256,16256,16256,16256,16256,16256,16256,16256,16256,16256,16256,16256,16256,16256,16256,16256,16256,16256,16256,16256,16256,16256,16256,16256,16256,16256,16256,16256
yarpgen_92.bc,62584,62584,62584,62584,62584,62584,62584,62584,62584,62584,62584,62584,62584,62584,62584,62584,62584,62584,62584,62584,62584,62584,62584,62584,62584,62584,62584,62584,62584,62584,62584,62584,62584,62584,62584,62584,62584,62584,62584,62584,62584,62584,62584,62584,62584,62584,62584,62584,62584,62584
yarpgen_93.bc,16240,16240,16240,16240,16240,16240,16240,16240,16240,16240,16240,16240,16240,16240,16240,16240,16240,16240,16240,16240,16240,16240,16240,16240,16240,16240,16240,16240,16240,16240,16240,16240,16240,16240,16240,16240,16240,16240,16240,16240,16240,16240,16240,16240,16240,16240,16240,16240,16240,16240
yarpgen_94.bc,202328,202328,202328,202328,202328,202328,202328,202328,202328,202328,202328,202328,202328,202328,202328,202328,202328,202328,181848,202328,202328,202328,202328,202328,202328,202328,202328,202328,202328,202328,202328,202328,202328,202328,202328,202328,202328,202328,202328,202328,202328,202328,202328,202328,202328,202328,202328,202328,202328,202328
yarpgen_95.bc,22024,22024,22024,22024,22024,22024,22024,22024,22024,22024,22024,22024,22024,22024,22024,22024,22024,22024,22024,22024,22024,22024,22024,22024,22024,22024,22024,22024,22024,22024,22024,22024,22024,22024,22024,22024,22024,22024,22024,22024,22024,22024,22024,22024,22024,22024,22024,22024,22024,22024
yarpgen_96.bc,16600,16600,16600,16600,16600,16600,16600,16600,16600,16600,16600,16600,16600,16600,16600,16600,16600,16600,16600,16600,16600,16600,16600,16600,16600,16600,16600,16600,16600,16600,16600,16600,16600,16600,16600,16600,16600,16600,16600,16600,16600,16600,16600,16600,16600,16600,16600,16600,16600,16600
yarpgen_97.bc,16672,16672,16672,16672,16672,16672,16672,16672,16672,16672,16672,16672,16672,16672,16672,16672,16672,16672,16672,16672,16672,16672,16672,16672,16672,16672,16672,16672,16672,16672,16672,16672,16672,16672,16672,16672,16672,16672,16672,16672,16672,16672,16672,16672,16672,16672,16672,16672,16672,16672
yarpgen_98.bc,31560,31560,31560,31560,31560,31560,31560,31560,31560,31560,31560,31560,31560,31560,31560,31560,31560,31560,31560,31560,31560,31560,31560,31560,31560,31560,31560,31560,31560,31560,31560,31560,31560,31560,31560,31560,31560,31560,31560,31560,31560,31560,31560,31560,31560,31560,31560,31560,31560,31560
yarpgen_99.bc,25704,25704,25704,25704,25704,25704,25704,25704,25704,25704,25704,25704,25704,25704,25704,25704,25704,25704,25704,25704,25704,25704,25704,25704,25704,25704,25704,25704,25704,25704,25704,25704,25704,25704,25704,25704,25704,25704,25704,25704,25704,25704,25704,25704,25704,25704,25704,25704,25704,25704
